Year,i,Q_121221,V_121221,Q_121229,V_121229
2012,4,0.1,0.33,0.0,0.0
2012,8,0.0,0.0,0.42,0.08
2012,12,0.0,0.0,0.0,0.0
2012,16,0.0,0.0,0.0,0.0
2012,20,0.0,0.0,0.0,0.0
2012,24,0.0,0.0,0.0,0.0
2012,28,0.0,0.0,0.0,0.0
2012,31,0.0,0.0,0.0,0.0
2012,32,0.02,0.03,0.07,0.36
2012,36,0.38,0.25,0.34,0.39
2012,40,0.03,0.06,0.05,0.07
2012,44,0.0,0.0,0.0,0.0
2012,48,0.0,0.0,0.0,0.0
2012,50,0.0,0.0,0.0,0.0
2012,51,0.0,0.0,0.0,0.0
2012,52,0.0,0.0,0.0,0.0
2012,56,0.02,0.07,0.13,0.08
2012,60,0.0,0.0,0.0,0.0
2012,64,0.0,0.0,0.0,0.0
2012,68,0.0,0.0,0.0,0.0
2012,70,0.0,0.0,0.0,0.0
2012,72,0.0,0.0,0.0,0.0
2012,76,0.03,0.03,0.05,0.08
2012,84,0.0,0.0,0.0,0.0
2012,86,0.0,0.0,0.0,0.0
2012,90,53.6,27.3,0.0,0.0
2012,92,0.0,0.0,0.0,0.0
2012,96,0.0,0.0,0.0,0.0
2012,100,0.0,0.28,0.05,0.01
2012,104,2.25,0.81,0.06,0.08
2012,108,0.0,0.0,0.0,0.0
2012,112,0.01,0.0,0.01,0.01
2012,116,0.13,0.0,0.15,0.1
2012,120,0.0,0.0,0.0,0.0
2012,124,0.2,0.4,0.9,2.03
2012,132,0.0,0.0,0.0,0.0
2012,136,0.0,0.0,0.0,0.0
2012,140,0.0,0.0,0.0,0.0
2012,144,0.11,0.1,0.07,0.06
2012,148,0.0,0.0,0.03,0.42
2012,152,9.9,10.13,57.46,63.53
2012,156,1.22,2.76,0.06,0.25
2012,162,0.0,0.0,0.0,0.0
2012,166,0.0,0.0,0.0,0.0
2012,170,0.0,0.0,0.0,0.0
2012,174,0.0,0.0,0.0,0.0
2012,175,0.0,0.0,0.0,0.0
2012,178,0.0,0.0,0.0,0.0
2012,180,0.0,0.0,0.0,0.0
2012,184,0.0,0.0,0.0,0.0
2012,188,0.0,0.05,0.0,0.0
2012,191,0.14,0.06,0.0,0.0
2012,192,0.0,0.0,0.0,0.0
2012,196,0.0,0.0,0.27,0.08
2012,203,0.02,0.07,0.0,0.01
2012,204,0.0,0.0,0.0,0.0
2012,208,0.44,1.12,0.08,0.28
2012,212,0.0,0.0,0.0,0.0
2012,214,0.0,0.0,0.0,0.0
2012,218,0.01,0.06,0.01,0.07
2012,222,0.0,0.01,0.0,0.0
2012,226,0.0,0.0,0.0,0.0
2012,231,0.0,0.0,0.0,0.0
2012,232,0.0,0.0,0.0,0.0
2012,233,0.1,0.23,0.0,0.0
2012,238,0.0,0.0,0.0,0.0
2012,242,0.24,0.04,0.53,3.6
2012,246,0.0,0.0,0.0,0.01
2012,251,0.14,0.23,0.19,0.59
2012,258,0.0,0.0,0.01,0.28
2012,260,0.0,0.0,0.0,0.0
2012,262,0.0,0.0,0.0,0.0
2012,266,0.0,0.0,0.0,0.0
2012,268,0.0,0.0,0.0,0.0
2012,270,0.0,0.0,0.0,0.0
2012,275,0.0,0.0,0.0,0.0
2012,276,0.02,0.09,0.0,0.04
2012,288,0.0,0.0,0.0,0.0
2012,292,0.0,0.0,0.0,0.0
2012,296,99.41,42.39,88.88,79.48
2012,300,0.01,0.03,0.0,0.32
2012,304,0.04,0.08,0.0,0.0
2012,308,0.0,0.0,0.0,0.0
2012,316,0.0,0.0,0.0,0.32
2012,320,0.0,0.0,0.01,0.02
2012,324,0.0,0.0,0.0,0.0
2012,328,0.0,0.0,0.0,0.0
2012,332,0.0,0.0,0.0,0.01
2012,340,0.0,0.0,0.0,0.0
2012,344,0.05,0.08,0.01,0.05
2012,348,0.02,0.0,0.0,0.01
2012,352,463.96,25.39,24.91,22.27
2012,360,33.21,10.69,26.45,17.41
2012,364,0.04,0.03,0.0,0.01
2012,368,0.0,0.0,0.0,0.0
2012,372,1.03,0.61,14.52,7.77
2012,376,0.36,1.16,0.01,0.04
2012,380,0.0,0.01,0.01,0.02
2012,384,0.0,0.0,0.0,0.0
2012,388,0.0,0.0,0.0,0.0
2012,392,0.12,0.91,0.01,0.21
2012,398,0.0,0.0,0.0,0.0
2012,400,0.0,0.0,0.0,0.0
2012,404,0.01,0.01,0.0,0.0
2012,408,1.51,0.47,1.21,0.71
2012,410,3.65,8.06,0.16,1.97
2012,414,0.0,0.0,0.0,0.0
2012,417,0.0,0.0,0.0,0.0
2012,418,0.0,0.1,1.11,1.59
2012,422,0.01,0.05,0.0,0.04
2012,426,0.81,0.09,0.0,0.0
2012,428,0.33,0.7,0.0,0.03
2012,430,0.0,0.0,0.0,0.0
2012,434,0.0,0.0,0.0,0.0
2012,440,0.12,0.39,0.04,0.28
2012,442,0.0,0.01,0.0,0.0
2012,446,0.01,0.05,0.0,0.0
2012,450,22.96,7.89,9.45,4.02
2012,454,0.0,0.0,0.0,0.0
2012,458,0.05,0.03,0.01,0.01
2012,462,0.0,0.0,0.0,0.0
2012,466,0.0,0.0,0.0,0.0
2012,470,0.0,0.01,0.0,0.0
2012,478,0.0,0.0,0.0,0.0
2012,480,0.0,0.0,3.3,1.38
2012,484,0.06,0.06,0.03,0.07
2012,490,0.09,0.25,0.09,0.22
2012,496,0.0,0.0,0.0,0.0
2012,498,0.0,0.0,0.0,0.0
2012,499,0.0,0.0,0.0,0.0
2012,500,0.0,0.0,0.0,0.0
2012,504,10.99,10.64,6.67,18.38
2012,508,0.0,0.0,0.0,0.0
2012,512,0.0,0.0,0.0,0.0
2012,516,0.42,0.26,0.45,0.61
2012,520,0.0,0.0,0.0,0.0
2012,524,0.0,0.0,0.0,0.0
2012,528,0.08,0.37,0.03,0.16
2012,531,0.0,0.0,0.0,0.0
2012,533,0.0,0.0,0.0,0.0
2012,534,0.0,0.0,0.0,0.0
2012,535,0.0,0.0,0.0,0.0
2012,540,0.0,0.0,0.0,0.0
2012,548,0.0,0.0,0.0,0.0
2012,554,0.05,2.18,0.03,0.5
2012,558,0.0,0.0,0.0,0.0
2012,562,2.1,1.39,0.0,0.0
2012,566,0.0,0.0,0.0,0.0
2012,570,0.0,0.0,0.0,0.0
2012,574,0.0,0.0,0.0,0.0
2012,579,0.09,0.05,0.25,0.44
2012,580,0.0,0.0,0.0,0.0
2012,583,0.0,0.0,0.0,0.0
2012,584,0.0,0.0,0.0,0.0
2012,585,0.0,0.0,0.0,0.0
2012,586,0.0,0.0,0.0,0.0
2012,591,0.0,0.01,0.0,0.02
2012,598,0.0,0.0,0.0,0.0
2012,600,0.0,0.0,0.0,0.0
2012,604,0.12,0.11,40.45,28.82
2012,608,9.68,6.22,20.24,16.55
2012,612,0.0,0.0,0.0,0.0
2012,616,0.0,0.01,0.01,0.02
2012,620,0.1,0.06,0.51,0.65
2012,624,0.0,0.0,0.0,0.0
2012,626,4.07,1.67,0.0,0.0
2012,634,0.0,0.0,0.0,0.0
2012,642,0.0,0.0,0.0,0.0
2012,643,0.02,0.07,0.0,0.0
2012,646,0.0,0.0,0.0,0.0
2012,654,0.0,0.0,0.0,0.0
2012,659,0.0,0.0,0.0,0.0
2012,660,0.0,0.0,0.0,0.0
2012,662,0.0,0.0,0.0,0.0
2012,666,0.0,0.0,0.0,0.0
2012,670,0.0,0.0,0.0,0.0
2012,674,0.0,0.0,0.0,0.0
2012,678,0.0,0.0,0.0,0.0
2012,682,0.0,0.0,0.0,0.0
2012,686,0.0,0.0,2.64,11.45
2012,688,0.02,0.02,0.0,0.0
2012,690,0.0,0.0,0.0,0.0
2012,694,0.0,0.0,0.0,0.0
2012,699,0.07,0.18,0.1,0.77
2012,702,0.03,0.1,0.02,0.03
2012,703,0.0,0.02,0.09,0.01
2012,704,0.11,0.27,0.98,0.69
2012,705,0.01,0.06,0.01,0.09
2012,706,0.0,0.0,0.0,0.0
2012,710,0.28,0.23,0.79,0.67
2012,716,0.0,0.0,0.0,0.0
2012,724,0.1,0.17,0.13,0.19
2012,728,0.0,0.0,0.0,0.0
2012,729,0.0,0.0,0.0,0.0
2012,740,0.0,0.0,0.0,0.0
2012,748,0.0,0.0,0.0,0.0
2012,752,0.02,0.36,0.01,0.04
2012,757,0.0,0.0,0.0,0.03
2012,760,0.0,0.0,0.0,0.0
2012,762,0.0,0.0,0.0,0.0
2012,764,0.05,0.36,0.06,0.26
2012,768,0.0,0.0,0.0,0.0
2012,772,0.0,0.0,0.0,0.0
2012,776,1645.11,1578.21,0.23,0.81
2012,780,0.0,0.01,0.0,0.0
2012,784,0.0,0.01,0.0,0.0
2012,788,0.0,0.07,0.0,0.01
2012,792,0.0,0.0,0.05,0.05
2012,795,0.0,0.0,0.0,0.0
2012,796,0.0,0.0,0.0,0.0
2012,798,0.0,0.0,0.0,0.0
2012,800,0.0,0.0,0.0,0.0
2012,804,0.0,0.0,0.0,0.01
2012,807,0.0,0.0,0.0,0.0
2012,818,0.0,0.0,0.03,0.04
2012,826,0.17,0.32,0.09,0.33
2012,834,88.05,20.78,145.28,84.33
2012,842,0.05,0.22,0.02,0.15
2012,854,0.03,0.1,0.01,0.01
2012,858,0.0,0.0,0.0,0.0
2012,860,0.0,0.0,0.0,0.0
2012,862,0.0,0.0,0.0,0.0
2012,876,0.0,0.0,0.0,0.0
2012,882,0.0,0.0,0.0,0.0
2012,887,0.03,0.07,0.0,0.0
2012,894,0.0,0.0,0.03,0.0
2014,4,0.0,0.0,0.0,0.0
2014,8,0.0,0.0,0.0,0.0
2014,12,0.0,0.0,0.0,0.0
2014,16,0.0,0.0,0.0,0.0
2014,20,0.0,0.0,0.0,0.0
2014,24,0.0,0.0,0.0,0.0
2014,28,0.0,0.0,0.0,0.0
2014,31,0.0,0.0,0.0,0.0
2014,32,0.09,0.21,0.14,0.48
2014,36,0.26,0.2,0.24,0.31
2014,40,0.05,0.12,0.01,0.03
2014,44,0.0,0.0,0.0,0.0
2014,48,0.0,0.0,0.0,0.0
2014,50,0.0,0.0,0.0,0.0
2014,51,0.0,0.0,0.0,0.0
2014,52,0.0,0.0,0.0,0.0
2014,56,0.03,0.05,0.07,0.09
2014,60,0.0,0.0,0.0,0.0
2014,64,0.0,0.0,0.0,0.0
2014,68,0.0,0.0,0.0,0.0
2014,70,0.0,0.0,0.0,0.0
2014,72,0.0,0.0,0.0,0.0
2014,76,0.05,0.04,0.06,0.11
2014,84,0.0,0.0,0.0,0.0
2014,86,0.0,0.0,0.0,0.0
2014,90,67.11,27.89,21.37,21.94
2014,92,0.0,0.0,0.0,0.0
2014,96,0.0,0.0,0.0,0.0
2014,100,0.02,0.04,0.0,0.0
2014,104,0.04,0.01,0.04,0.0
2014,108,0.21,0.04,0.0,0.0
2014,112,0.0,0.0,0.04,0.19
2014,116,0.0,0.0,0.0,0.0
2014,120,0.38,0.11,0.01,0.05
2014,124,0.17,0.32,1.11,1.9
2014,132,0.0,0.0,0.0,0.0
2014,136,0.0,0.0,0.0,0.0
2014,140,0.0,0.0,0.0,0.0
2014,144,0.93,0.21,0.26,0.09
2014,148,0.0,0.0,0.0,0.0
2014,152,8.4,7.77,56.96,84.09
2014,156,1.2,2.26,0.06,0.22
2014,162,0.0,0.0,0.0,0.0
2014,166,0.0,0.0,0.0,0.0
2014,170,0.0,0.01,0.0,0.0
2014,174,0.0,0.0,0.0,0.0
2014,178,0.0,0.0,0.0,0.0
2014,180,0.0,0.0,0.0,0.0
2014,184,0.0,0.0,0.0,0.0
2014,188,0.0,0.03,0.0,0.04
2014,191,0.13,0.05,0.0,0.0
2014,192,0.0,0.0,0.04,1.92
2014,196,0.01,0.0,0.0,0.0
2014,203,0.0,0.03,0.0,0.01
2014,204,0.0,0.0,0.0,0.0
2014,208,0.24,0.83,0.06,0.05
2014,212,0.0,0.0,0.0,0.0
2014,214,0.0,0.0,0.0,0.0
2014,218,0.04,0.34,0.0,0.07
2014,222,0.0,0.0,0.0,0.0
2014,226,0.0,0.0,0.0,0.0
2014,231,0.0,0.0,0.0,0.0
2014,232,0.0,0.0,0.0,0.0
2014,233,0.01,0.08,0.0,0.0
2014,238,0.0,0.0,0.0,0.0
2014,242,0.0,0.0,0.0,0.06
2014,246,0.0,0.0,0.01,0.01
2014,251,0.14,0.26,0.17,0.49
2014,258,0.0,0.0,0.0,0.29
2014,260,0.0,0.0,0.0,0.0
2014,262,0.0,0.0,0.0,0.0
2014,266,0.0,0.0,0.0,0.0
2014,268,0.0,0.0,0.0,0.02
2014,270,0.0,0.0,0.0,0.0
2014,275,0.0,0.0,0.0,0.0
2014,276,0.03,0.09,0.01,0.04
2014,288,0.0,0.0,0.0,0.0
2014,292,0.0,0.0,0.0,0.0
2014,296,313.78,97.33,0.0,0.0
2014,300,0.0,0.01,0.0,0.21
2014,304,0.0,0.0,0.0,0.0
2014,308,0.0,0.0,0.0,0.0
2014,316,0.07,0.81,0.03,1.06
2014,320,0.0,0.0,0.0,0.01
2014,324,0.0,0.0,0.0,0.0
2014,328,0.0,0.0,0.0,0.0
2014,332,0.0,0.0,0.0,0.0
2014,340,0.0,0.0,0.0,0.0
2014,344,0.08,0.11,0.02,0.11
2014,348,0.02,0.02,0.01,0.04
2014,352,14.17,7.35,312.41,55.02
2014,360,50.97,22.29,23.76,16.95
2014,364,0.03,0.02,0.04,0.01
2014,368,0.0,0.0,0.0,0.0
2014,372,1.39,0.64,18.12,8.1
2014,376,0.73,5.11,0.01,1.81
2014,380,0.01,0.02,0.01,0.02
2014,384,0.0,0.0,0.0,0.0
2014,388,0.0,0.01,0.0,0.22
2014,392,0.16,0.67,0.01,0.15
2014,398,0.0,0.0,0.0,0.0
2014,400,0.01,0.01,0.0,0.01
2014,404,0.49,0.08,0.0,0.0
2014,408,1.3,1.05,16.35,4.66
2014,410,3.19,5.98,0.07,0.6
2014,414,0.0,0.0,0.0,0.0
2014,417,0.0,0.0,0.0,0.0
2014,418,0.0,0.03,0.0,0.03
2014,422,0.01,0.04,0.01,0.01
2014,426,0.0,0.0,0.0,0.0
2014,428,0.29,0.5,0.0,0.0
2014,430,0.0,0.0,0.0,0.0
2014,434,0.0,0.0,0.0,0.0
2014,440,0.15,0.28,0.01,0.1
2014,442,0.0,0.01,0.0,0.0
2014,446,0.0,0.0,0.0,0.0
2014,450,20.14,4.17,14.45,8.9
2014,454,0.0,0.0,0.0,0.0
2014,458,0.2,0.13,0.01,0.05
2014,462,0.0,0.0,0.0,0.0
2014,466,0.0,0.0,0.0,0.0
2014,470,0.0,0.0,0.0,0.02
2014,478,0.0,0.0,0.0,0.0
2014,480,0.01,0.02,0.38,0.17
2014,484,0.08,0.25,0.08,0.09
2014,490,0.08,0.39,0.01,0.13
2014,496,0.0,0.0,0.0,0.0
2014,498,0.0,0.0,0.0,0.0
2014,499,0.0,0.0,0.0,0.0
2014,500,0.0,0.0,0.0,0.0
2014,504,4.64,4.36,6.03,16.58
2014,508,0.0,0.0,0.0,0.0
2014,512,0.0,0.0,0.0,0.0
2014,516,0.0,0.0,0.0,0.0
2014,520,0.0,0.0,0.0,0.0
2014,524,0.0,0.0,0.0,0.0
2014,528,0.1,0.48,0.04,0.13
2014,531,0.0,0.01,0.0,0.0
2014,533,0.0,0.0,0.0,0.0
2014,534,0.0,0.0,0.0,0.0
2014,535,0.0,0.0,0.0,0.0
2014,540,0.0,0.0,0.0,0.0
2014,548,0.0,0.0,0.05,0.48
2014,554,0.04,0.83,0.01,0.06
2014,558,0.0,0.0,0.0,0.0
2014,562,0.0,0.0,0.0,0.0
2014,566,0.01,0.0,0.0,0.0
2014,570,0.0,0.0,0.0,0.0
2014,574,0.0,0.0,0.0,0.0
2014,579,0.01,0.04,0.49,0.83
2014,580,0.0,0.0,0.0,0.0
2014,583,0.0,0.0,0.0,0.0
2014,584,0.0,0.0,0.0,0.0
2014,585,0.0,0.0,0.0,0.0
2014,586,0.0,0.0,0.0,0.0
2014,591,0.31,0.1,0.17,0.14
2014,598,1.05,0.37,0.0,0.0
2014,600,0.0,0.0,0.0,0.0
2014,604,0.24,0.27,44.23,39.4
2014,608,5.16,4.88,11.0,12.99
2014,612,0.0,0.0,0.0,0.0
2014,616,0.0,0.0,0.05,0.06
2014,620,0.17,0.31,0.27,0.56
2014,624,0.0,0.0,0.0,0.0
2014,626,0.0,0.0,38.89,20.51
2014,634,0.0,0.0,0.0,0.0
2014,642,0.01,0.02,0.0,0.01
2014,643,0.03,0.08,0.01,0.0
2014,646,0.0,0.0,0.0,0.0
2014,652,0.0,0.0,0.0,0.0
2014,654,0.0,0.0,0.0,0.0
2014,659,0.0,0.0,0.0,0.0
2014,660,0.0,0.0,0.0,0.0
2014,662,0.0,0.0,0.0,0.0
2014,666,0.0,0.0,0.0,0.0
2014,670,0.0,0.0,0.0,0.0
2014,674,0.0,0.0,0.0,0.0
2014,678,0.0,0.0,0.0,0.0
2014,682,0.0,0.0,0.0,0.0
2014,686,0.02,0.02,0.3,1.58
2014,688,0.03,0.01,0.0,0.0
2014,690,0.0,0.0,0.0,0.0
2014,694,0.0,0.0,0.0,0.0
2014,699,0.06,0.26,0.04,0.53
2014,702,0.02,0.1,0.0,0.02
2014,703,0.01,0.02,0.05,0.01
2014,704,0.17,0.21,0.29,0.3
2014,705,0.01,0.09,0.03,0.25
2014,706,0.0,0.0,0.0,0.0
2014,710,0.82,0.3,0.5,0.77
2014,716,0.0,0.0,0.0,0.0
2014,724,0.24,0.72,0.18,0.29
2014,728,0.0,0.0,0.0,0.0
2014,729,0.0,0.0,0.2,0.04
2014,740,0.0,0.0,0.0,0.0
2014,748,0.0,0.0,0.0,0.0
2014,752,0.01,0.14,0.01,0.14
2014,757,0.0,0.01,0.0,0.01
2014,760,0.0,0.0,0.18,0.73
2014,762,0.0,0.0,0.0,0.0
2014,764,0.14,0.35,0.05,0.17
2014,768,0.0,0.0,0.0,0.0
2014,772,0.0,0.0,0.0,0.0
2014,776,173.86,93.95,25.69,5.46
2014,780,0.0,0.01,0.0,0.0
2014,784,0.07,0.03,0.02,0.0
2014,788,0.0,0.05,0.06,0.05
2014,792,0.0,0.01,0.0,0.0
2014,795,0.0,0.0,0.0,0.0
2014,796,0.0,0.0,0.0,0.0
2014,798,0.0,0.0,0.0,0.0
2014,800,0.01,0.01,0.0,0.0
2014,804,0.0,0.0,0.0,0.04
2014,807,0.0,0.0,0.0,0.0
2014,818,0.02,0.01,0.01,0.02
2014,826,0.22,0.32,0.12,0.38
2014,834,28.05,11.94,56.28,24.04
2014,842,0.07,0.24,0.02,0.16
2014,854,0.0,0.03,0.0,0.0
2014,858,0.0,0.0,0.0,0.0
2014,860,0.0,0.0,0.0,0.0
2014,862,0.0,0.0,0.0,0.0
2014,876,0.0,0.0,0.0,0.0
2014,882,0.0,0.0,0.0,0.0
2014,887,0.12,0.32,0.0,0.0
2014,894,0.0,0.0,0.0,0.0
2013,4,0.0,0.0,0.0,0.0
2013,8,0.0,0.0,0.0,0.0
2013,12,0.0,0.0,0.0,0.0
2013,16,0.0,0.0,0.0,0.0
2013,20,0.0,0.0,0.0,0.0
2013,24,0.0,0.0,0.0,0.0
2013,28,0.0,0.0,0.0,0.0
2013,31,0.0,0.0,0.0,0.0
2013,32,0.02,0.05,0.06,0.37
2013,36,0.28,0.18,0.2,0.27
2013,40,0.04,0.11,0.02,0.06
2013,44,0.0,0.0,0.0,0.0
2013,48,0.0,0.0,0.0,0.0
2013,50,0.0,0.0,0.0,0.0
2013,51,0.0,0.0,0.0,0.0
2013,52,0.0,0.0,0.0,0.0
2013,56,0.01,0.05,0.05,0.07
2013,60,0.0,0.0,0.0,0.01
2013,64,0.0,0.0,0.0,0.0
2013,68,0.0,0.0,0.36,1.22
2013,70,0.0,0.0,0.0,0.0
2013,72,0.0,0.0,0.0,0.0
2013,76,0.05,0.04,0.03,0.07
2013,84,0.0,0.0,0.0,0.0
2013,86,0.0,0.0,0.0,0.0
2013,90,86.96,35.69,36.29,30.56
2013,92,0.0,0.0,0.0,0.0
2013,96,0.0,0.0,0.0,0.0
2013,100,0.01,0.37,0.0,0.0
2013,104,0.44,0.15,0.2,0.12
2013,108,0.0,0.0,0.02,0.0
2013,112,0.01,0.01,0.02,0.03
2013,116,0.02,0.0,0.0,0.0
2013,120,0.0,0.0,0.02,0.08
2013,124,0.11,0.22,0.96,1.86
2013,132,0.0,0.0,0.0,0.0
2013,136,0.0,0.0,0.0,0.0
2013,140,0.0,0.0,0.0,0.0
2013,144,0.08,0.25,0.33,0.24
2013,148,0.0,0.0,0.0,0.0
2013,152,9.27,8.18,55.79,79.58
2013,156,1.07,2.62,0.05,0.13
2013,162,0.0,0.0,0.0,0.0
2013,166,0.0,0.0,0.0,0.0
2013,170,0.0,0.0,0.0,0.0
2013,174,0.0,0.0,0.0,0.0
2013,175,0.0,0.0,0.0,0.0
2013,178,0.0,0.0,0.0,0.0
2013,180,0.0,0.0,0.0,0.0
2013,184,0.0,0.0,0.0,0.0
2013,188,0.0,0.07,0.0,0.0
2013,191,0.46,0.19,0.0,0.0
2013,192,0.0,0.0,0.14,2.89
2013,196,0.01,0.01,0.46,0.15
2013,203,0.01,0.08,0.0,0.01
2013,204,0.0,0.0,0.0,0.0
2013,208,0.4,1.17,0.02,0.07
2013,212,0.0,0.0,0.0,0.0
2013,214,0.0,0.0,0.0,0.0
2013,218,0.01,0.08,0.0,0.0
2013,222,0.0,0.0,0.0,0.0
2013,226,0.0,0.0,0.0,0.0
2013,231,0.0,0.0,0.0,0.0
2013,232,0.0,0.0,0.0,0.0
2013,233,0.06,0.11,0.0,0.0
2013,238,0.0,0.0,0.0,0.0
2013,242,0.01,0.03,0.12,0.69
2013,246,0.0,0.0,0.01,0.01
2013,251,0.14,0.25,0.18,0.49
2013,258,0.0,0.01,0.03,1.33
2013,260,0.0,0.0,0.0,0.0
2013,262,0.0,0.0,0.0,0.0
2013,266,0.0,0.0,0.0,0.0
2013,268,0.0,0.0,0.0,0.0
2013,270,0.0,0.0,0.0,0.0
2013,275,0.0,0.0,0.0,0.0
2013,276,0.05,0.13,0.01,0.06
2013,288,0.0,0.0,0.0,0.0
2013,292,0.0,0.0,0.0,0.0
2013,296,348.46,163.49,0.0,0.0
2013,300,0.01,0.02,0.01,0.28
2013,304,0.03,0.05,0.0,0.0
2013,308,0.0,0.0,0.0,0.0
2013,316,0.0,0.0,0.0,0.0
2013,320,0.0,0.0,0.0,0.0
2013,324,0.0,0.0,0.0,0.0
2013,328,0.0,0.0,0.0,0.0
2013,332,0.0,0.0,0.0,0.0
2013,340,0.0,0.0,0.0,0.0
2013,344,0.05,0.1,0.01,0.03
2013,348,0.0,0.0,0.01,0.03
2013,352,221.93,16.83,42.85,34.9
2013,360,42.44,16.67,20.2,13.35
2013,364,0.0,0.0,0.01,0.01
2013,368,0.0,0.0,0.0,0.0
2013,372,1.03,0.63,14.72,8.64
2013,376,0.31,0.95,1.0,1.41
2013,380,0.0,0.01,0.0,0.01
2013,384,0.0,0.0,0.0,0.0
2013,388,0.0,0.0,0.0,0.0
2013,392,0.16,0.94,0.01,0.13
2013,398,0.0,0.0,0.0,0.0
2013,400,0.02,0.03,0.0,0.0
2013,404,0.51,0.09,0.54,0.3
2013,408,0.27,0.66,18.05,13.42
2013,410,3.6,6.17,0.14,1.71
2013,414,0.0,0.0,0.0,0.0
2013,417,0.0,0.0,0.0,0.0
2013,418,0.0,0.06,0.0,0.0
2013,422,0.0,0.04,0.0,0.0
2013,426,0.0,0.0,0.0,0.0
2013,428,0.33,0.58,91.77,2.1
2013,430,0.0,0.0,0.0,0.0
2013,434,0.0,0.0,0.0,0.0
2013,440,0.09,0.32,0.03,0.16
2013,442,0.0,0.01,0.0,0.0
2013,446,0.0,0.0,0.0,0.0
2013,450,30.94,9.38,27.56,13.31
2013,454,0.0,0.0,0.03,0.12
2013,458,0.18,0.14,0.15,0.11
2013,462,0.0,0.0,0.0,0.0
2013,466,0.0,0.0,0.0,0.0
2013,470,0.0,0.0,0.0,0.01
2013,478,0.0,0.0,0.0,0.0
2013,480,0.0,0.0,0.39,0.2
2013,484,0.09,0.03,0.06,0.12
2013,490,0.05,0.36,0.02,0.12
2013,496,0.0,0.0,0.0,0.0
2013,498,0.0,0.0,0.0,0.0
2013,499,0.0,0.0,0.0,0.0
2013,500,0.0,0.0,0.0,0.0
2013,504,4.18,4.48,7.84,20.26
2013,508,0.0,0.0,0.0,0.0
2013,512,0.0,0.0,0.0,0.0
2013,516,0.35,0.1,0.31,0.39
2013,520,0.0,0.0,0.0,0.0
2013,524,0.0,0.0,0.0,0.0
2013,528,0.09,0.47,0.06,0.13
2013,531,0.0,0.0,0.0,0.0
2013,533,0.0,0.0,0.0,0.0
2013,534,0.0,0.0,0.0,0.0
2013,535,0.0,0.0,0.0,0.0
2013,540,0.0,0.0,0.0,0.0
2013,548,0.0,0.0,0.0,0.0
2013,554,0.58,2.1,0.04,0.08
2013,558,0.0,0.0,0.0,0.0
2013,562,0.0,0.0,0.0,0.0
2013,566,0.0,0.0,0.0,0.0
2013,570,0.0,0.0,0.0,0.0
2013,574,0.0,0.0,0.0,0.0
2013,579,0.0,0.02,0.23,0.44
2013,580,0.0,0.0,0.0,0.0
2013,583,0.0,0.0,0.0,0.0
2013,584,0.0,0.0,0.0,0.0
2013,585,0.0,0.0,0.0,0.0
2013,586,0.02,0.02,0.0,0.0
2013,591,0.06,0.02,0.0,0.07
2013,598,1.44,0.43,0.0,0.0
2013,600,0.0,0.0,0.0,0.0
2013,604,0.12,0.11,39.76,38.58
2013,608,12.08,7.48,26.29,16.8
2013,612,0.0,0.0,0.0,0.0
2013,616,0.0,0.01,0.11,0.09
2013,620,0.05,0.03,0.81,0.99
2013,624,0.0,0.0,0.0,0.0
2013,626,0.0,0.0,0.0,0.0
2013,634,0.0,0.0,0.0,0.0
2013,642,0.01,0.02,0.0,0.0
2013,643,0.02,0.08,0.0,0.0
2013,646,0.0,0.0,0.0,0.0
2013,652,0.0,0.0,0.0,0.0
2013,654,0.0,0.0,0.0,0.0
2013,659,0.0,0.0,0.0,0.0
2013,660,0.0,0.0,0.0,0.0
2013,662,101.33,48.23,0.0,0.0
2013,666,0.0,0.0,0.0,0.0
2013,670,0.0,0.0,0.0,0.0
2013,674,0.0,0.0,0.0,0.0
2013,678,0.0,0.0,0.0,0.0
2013,682,0.0,0.0,0.0,0.0
2013,686,0.0,0.0,1.66,7.42
2013,688,0.03,0.01,0.0,0.0
2013,690,0.0,0.0,0.0,0.0
2013,694,0.0,0.0,0.0,0.0
2013,699,0.2,0.22,0.04,0.6
2013,702,0.02,0.12,0.02,0.06
2013,703,0.01,0.02,0.07,0.01
2013,704,0.19,0.28,0.29,0.31
2013,705,0.02,0.31,0.04,0.39
2013,706,0.0,0.0,0.0,0.0
2013,710,0.29,0.19,0.72,0.62
2013,716,0.0,0.0,0.0,0.0
2013,724,0.13,0.35,0.15,0.27
2013,728,0.0,0.0,0.0,0.0
2013,729,0.0,0.0,0.0,0.0
2013,740,0.0,0.0,0.0,0.0
2013,748,0.0,0.0,0.0,0.0
2013,752,0.02,0.88,0.0,0.05
2013,757,0.0,0.01,0.0,0.01
2013,760,0.0,0.0,0.01,0.01
2013,762,0.0,0.0,0.0,0.0
2013,764,0.16,0.58,0.05,0.1
2013,768,0.0,0.0,0.0,0.0
2013,772,0.0,0.0,0.0,0.0
2013,776,452.84,613.75,0.0,0.0
2013,780,0.0,0.0,0.0,0.0
2013,784,0.0,0.02,0.0,0.0
2013,788,0.0,0.0,0.0,0.02
2013,792,0.0,0.0,0.0,0.01
2013,795,0.0,0.0,0.0,0.0
2013,796,0.0,0.0,0.0,0.0
2013,798,0.0,0.0,0.0,0.0
2013,800,0.0,0.0,0.0,0.0
2013,804,0.0,0.0,0.0,0.02
2013,807,0.0,0.0,0.0,0.0
2013,818,0.01,0.03,0.01,0.03
2013,826,0.2,0.39,0.08,0.26
2013,834,29.57,10.58,76.48,34.33
2013,842,0.07,0.28,0.16,0.13
2013,854,0.05,0.48,0.0,0.0
2013,858,0.0,0.0,0.0,0.0
2013,860,0.0,0.0,0.0,0.0
2013,862,0.0,0.0,0.0,0.0
2013,876,0.0,0.0,0.0,0.0
2013,882,0.0,0.0,0.02,0.33
2013,887,0.27,0.82,0.01,0.13
2013,894,0.0,0.0,0.0,0.0
2016,4,0.0,0.0,0.0,0.0
2016,8,0.0,0.0,0.0,0.0
2016,12,0.0,0.0,0.0,0.0
2016,16,0.0,0.0,0.0,0.0
2016,20,0.0,0.0,0.0,0.0
2016,24,0.0,0.0,0.0,0.0
2016,28,0.0,0.0,0.0,0.0
2016,31,0.0,0.0,0.0,0.0
2016,32,0.07,0.11,0.25,1.0
2016,36,0.3,0.22,0.28,0.44
2016,40,0.09,0.21,0.06,0.05
2016,44,0.0,0.0,0.0,0.0
2016,48,0.0,0.0,0.0,0.0
2016,50,0.0,0.0,0.0,0.0
2016,51,0.0,0.0,0.0,0.0
2016,52,0.02,0.02,0.0,0.0
2016,56,0.02,0.12,0.03,0.05
2016,60,0.0,0.0,0.0,0.0
2016,64,0.0,0.0,0.0,0.0
2016,68,0.0,0.01,0.0,0.0
2016,70,0.0,0.0,0.01,0.01
2016,72,0.0,0.0,0.0,0.0
2016,76,0.05,0.04,0.04,0.09
2016,84,0.0,0.0,0.0,0.0
2016,86,0.0,0.0,0.0,0.0
2016,90,5.05,12.53,44.1,43.67
2016,92,0.0,0.0,0.0,0.0
2016,96,0.04,0.12,0.01,1.58
2016,100,0.02,0.1,0.0,0.01
2016,104,0.2,0.04,0.0,0.0
2016,108,1.12,0.27,0.0,0.0
2016,112,0.03,0.03,0.0,0.01
2016,116,0.0,0.0,0.0,0.0
2016,120,0.0,0.0,0.0,0.0
2016,124,0.4,0.58,0.86,2.38
2016,132,0.0,0.0,0.0,0.0
2016,136,0.0,0.0,0.0,0.0
2016,140,0.0,0.0,0.0,0.0
2016,144,0.58,0.07,0.06,0.13
2016,148,0.0,0.0,0.0,0.0
2016,152,7.93,5.42,72.54,85.83
2016,156,1.1,2.25,0.11,0.32
2016,162,0.0,0.0,0.0,0.0
2016,166,0.0,0.0,0.0,0.0
2016,170,0.0,0.0,0.0,0.0
2016,174,0.0,0.0,0.0,0.0
2016,178,0.0,0.0,0.0,0.0
2016,180,0.0,0.0,0.0,0.0
2016,184,0.0,0.0,0.0,0.0
2016,188,0.0,0.0,0.0,0.0
2016,191,0.0,0.01,0.03,0.03
2016,192,0.0,0.0,0.0,0.0
2016,196,0.01,0.04,0.0,0.04
2016,203,0.02,0.02,0.0,0.01
2016,204,0.0,0.0,0.6,0.03
2016,208,0.26,0.59,0.05,0.11
2016,212,0.0,0.0,0.0,0.0
2016,214,0.0,0.0,0.0,0.0
2016,218,0.21,1.77,0.0,0.03
2016,222,0.0,0.0,0.0,0.0
2016,226,0.0,0.0,0.0,0.0
2016,231,0.0,0.0,0.0,0.0
2016,232,0.0,0.0,0.0,0.0
2016,233,0.05,0.1,0.0,0.04
2016,238,0.0,0.0,0.0,0.0
2016,242,0.0,0.0,0.01,0.31
2016,246,0.0,0.02,0.01,0.01
2016,251,0.19,0.21,0.51,0.66
2016,258,0.0,0.0,0.02,0.71
2016,260,0.0,0.0,0.0,0.0
2016,262,0.0,0.0,0.0,0.0
2016,266,0.0,0.0,0.0,0.0
2016,268,0.0,0.0,0.0,0.0
2016,270,0.0,0.0,0.0,0.0
2016,275,0.0,0.0,0.0,0.0
2016,276,0.05,0.09,0.03,0.07
2016,288,0.0,0.0,0.0,0.0
2016,292,0.0,0.0,0.0,0.0
2016,296,438.24,46.9,0.0,0.0
2016,300,0.0,0.01,0.01,0.18
2016,304,0.0,0.0,0.0,0.0
2016,308,0.0,0.0,0.0,0.0
2016,316,0.28,1.2,0.07,0.56
2016,320,0.0,0.0,0.0,0.0
2016,324,0.0,0.0,0.0,0.0
2016,328,0.0,0.0,0.0,0.0
2016,332,0.0,0.0,0.0,0.0
2016,340,0.0,0.0,0.0,0.0
2016,344,0.07,0.11,0.02,0.04
2016,348,0.0,0.0,0.01,0.01
2016,352,15.27,16.5,57.04,82.88
2016,360,47.73,13.28,27.49,12.2
2016,364,0.0,0.0,0.02,0.01
2016,368,0.0,0.0,0.0,0.0
2016,372,0.97,0.41,12.6,6.24
2016,376,0.52,1.82,0.03,2.12
2016,380,0.0,0.04,0.02,0.04
2016,384,0.0,0.0,0.0,0.0
2016,388,0.01,0.05,0.04,0.18
2016,392,0.16,0.72,0.01,0.22
2016,398,0.0,0.0,0.0,0.0
2016,400,0.0,0.0,0.01,0.19
2016,404,0.0,0.02,0.0,0.0
2016,408,0.35,2.28,4.36,8.36
2016,410,5.06,9.09,0.03,0.45
2016,414,0.0,0.0,0.0,0.0
2016,417,0.0,0.0,0.0,0.0
2016,418,0.0,0.02,0.0,0.0
2016,422,0.01,0.11,0.0,0.05
2016,426,0.0,0.0,0.0,0.0
2016,428,0.41,0.74,0.0,0.01
2016,430,0.0,0.0,0.0,0.0
2016,434,0.0,0.0,0.0,0.0
2016,440,0.21,0.24,0.2,0.24
2016,442,0.0,0.02,0.0,0.0
2016,446,0.0,0.01,0.0,0.0
2016,450,20.57,1.54,26.6,24.57
2016,454,0.0,0.0,0.0,0.0
2016,458,0.24,0.17,0.01,0.06
2016,462,0.0,0.0,0.0,0.0
2016,466,0.0,0.0,0.0,0.0
2016,470,0.0,0.0,0.0,0.01
2016,478,0.0,0.0,0.0,0.0
2016,480,0.0,0.01,0.0,0.01
2016,484,0.01,0.02,0.05,0.07
2016,490,0.11,0.19,0.06,0.23
2016,496,0.23,0.5,0.0,0.0
2016,498,0.0,0.0,0.0,0.0
2016,499,0.0,0.0,0.0,0.0
2016,500,0.0,0.0,0.0,0.0
2016,504,1.3,1.8,5.15,18.77
2016,508,0.0,0.0,0.0,0.0
2016,512,0.0,0.0,0.0,0.0
2016,516,0.0,0.0,0.0,0.0
2016,520,0.0,0.0,0.0,0.0
2016,524,0.0,0.0,0.0,0.0
2016,528,0.07,0.31,0.03,0.14
2016,531,0.0,0.0,0.0,0.0
2016,533,0.0,0.0,0.0,0.0
2016,534,0.0,0.0,0.0,0.0
2016,535,0.0,0.0,0.0,0.0
2016,540,0.0,0.0,0.0,0.02
2016,548,0.0,0.0,0.0,0.0
2016,554,0.15,0.48,0.0,0.0
2016,558,0.0,0.0,0.0,0.0
2016,562,0.0,0.0,10.02,1.89
2016,566,0.0,0.0,0.0,0.0
2016,570,0.0,0.0,0.0,0.0
2016,574,0.0,0.0,0.0,0.0
2016,579,0.27,0.17,2.52,3.53
2016,580,0.0,0.0,0.0,0.0
2016,583,0.0,0.0,0.0,0.0
2016,584,0.0,0.0,0.0,0.0
2016,585,0.0,0.0,0.0,0.0
2016,586,0.0,0.0,0.0,0.0
2016,591,0.0,0.0,0.2,0.27
2016,598,0.05,0.17,0.0,0.0
2016,600,0.0,0.0,0.0,0.0
2016,604,0.09,0.08,34.44,22.67
2016,608,1.61,3.97,4.61,9.62
2016,612,0.0,0.0,0.0,0.0
2016,616,0.07,0.07,0.01,0.0
2016,620,0.06,0.41,1.77,3.24
2016,624,0.0,0.0,0.0,0.0
2016,626,0.0,0.0,0.0,0.0
2016,634,0.0,0.0,0.0,0.0
2016,642,0.01,0.02,0.0,0.01
2016,643,0.04,0.13,0.21,0.01
2016,646,0.0,0.0,0.0,0.0
2016,652,0.0,0.0,0.0,0.0
2016,654,0.0,0.0,0.0,0.0
2016,659,0.0,0.0,0.0,0.0
2016,660,0.0,0.0,0.0,0.0
2016,662,0.02,0.06,7.06,1.74
2016,666,0.0,0.0,0.0,0.0
2016,670,0.0,0.0,0.0,0.0
2016,674,0.0,0.0,0.0,0.0
2016,678,0.0,0.0,0.0,0.0
2016,682,0.0,0.0,0.0,0.0
2016,686,0.0,0.0,0.66,1.38
2016,688,0.0,0.0,0.0,0.01
2016,690,0.0,0.0,0.0,0.0
2016,694,0.0,0.0,0.0,0.0
2016,699,0.02,0.13,0.03,0.51
2016,702,0.04,0.11,0.0,0.03
2016,703,0.01,0.02,0.23,0.02
2016,704,0.06,0.1,0.17,0.23
2016,705,0.01,0.07,0.0,0.07
2016,706,0.0,0.0,0.0,0.0
2016,710,1.08,0.41,0.39,0.89
2016,716,0.0,0.0,0.0,0.0
2016,724,0.31,0.61,0.2,0.45
2016,728,0.0,0.0,0.0,0.0
2016,729,0.0,0.0,0.0,0.0
2016,740,0.0,0.0,0.0,0.0
2016,748,0.0,0.0,0.0,0.0
2016,752,0.04,0.16,0.0,0.06
2016,757,0.01,0.02,0.0,0.03
2016,760,0.0,0.0,0.0,0.02
2016,762,0.0,0.0,0.0,0.0
2016,764,0.15,0.33,0.04,0.17
2016,768,0.0,0.0,0.0,0.0
2016,772,0.0,0.0,0.0,0.0
2016,776,102.67,44.35,0.0,0.0
2016,780,0.02,0.03,0.01,0.01
2016,784,0.01,0.03,0.0,0.0
2016,788,0.0,0.05,0.25,0.97
2016,792,0.0,0.0,0.0,0.0
2016,795,0.0,0.0,0.0,0.0
2016,796,0.0,0.0,0.0,0.0
2016,798,0.0,0.0,0.0,0.0
2016,800,0.0,0.0,0.0,0.0
2016,804,0.0,0.0,0.02,0.06
2016,807,0.0,0.0,0.0,0.0
2016,818,0.03,0.08,0.0,0.0
2016,826,0.38,0.53,0.11,0.38
2016,834,1.05,0.24,98.34,53.68
2016,842,0.06,0.21,0.01,0.11
2016,854,0.02,0.24,0.0,0.01
2016,858,0.0,0.0,0.0,0.0
2016,860,0.0,0.0,0.0,0.0
2016,862,0.0,0.0,0.0,0.0
2016,876,0.0,0.0,0.0,0.0
2016,882,0.0,0.0,0.0,0.0
2016,887,0.0,0.0,0.0,0.0
2016,894,0.0,0.0,0.0,0.0
2015,4,0.0,0.0,0.0,0.0
2015,8,0.0,0.0,0.0,0.0
2015,12,0.0,0.0,0.0,0.0
2015,16,0.0,0.0,0.0,0.0
2015,20,0.0,0.0,0.0,0.0
2015,24,0.0,0.0,0.01,0.02
2015,28,0.0,0.0,0.0,0.0
2015,31,0.0,0.0,0.0,0.0
2015,32,0.05,0.09,0.12,0.85
2015,36,0.18,0.19,0.19,0.33
2015,40,0.07,0.1,0.04,0.07
2015,44,0.0,0.0,0.0,0.0
2015,48,0.0,0.0,0.0,0.0
2015,50,0.0,0.0,0.0,0.0
2015,51,0.0,0.0,0.0,0.0
2015,52,0.0,0.0,0.0,0.0
2015,56,0.01,0.07,0.03,0.05
2015,60,0.0,0.0,0.0,0.0
2015,64,0.0,0.0,0.0,0.0
2015,68,0.0,0.0,0.0,0.0
2015,70,0.0,0.0,0.0,0.0
2015,72,0.0,0.0,0.0,0.0
2015,76,0.04,0.04,0.05,0.13
2015,84,0.0,0.0,0.0,0.0
2015,86,0.0,0.0,0.0,0.0
2015,90,9.86,2.63,38.34,38.81
2015,92,0.0,0.0,0.0,0.0
2015,96,0.01,0.03,0.0,0.0
2015,100,0.01,0.09,0.0,0.0
2015,104,0.01,0.0,0.02,0.07
2015,108,0.32,0.09,0.0,0.0
2015,112,0.03,0.06,0.02,0.03
2015,116,0.0,0.0,0.0,0.0
2015,120,0.0,0.01,0.0,0.02
2015,124,0.32,0.46,1.2,2.47
2015,132,0.0,0.0,0.0,0.0
2015,136,0.0,0.0,0.0,0.0
2015,140,0.0,0.0,0.0,0.0
2015,144,0.52,0.2,0.12,0.04
2015,148,0.0,0.0,0.0,0.0
2015,152,7.78,7.97,70.93,81.32
2015,156,0.77,2.11,0.08,0.23
2015,162,0.0,0.0,0.0,0.0
2015,166,0.0,0.0,0.0,0.0
2015,170,0.0,0.01,0.0,0.02
2015,174,0.0,0.0,0.0,0.0
2015,178,0.0,0.0,0.0,0.0
2015,180,0.0,0.0,0.0,0.0
2015,184,0.0,0.0,0.0,0.0
2015,188,0.0,0.04,0.0,0.0
2015,191,0.0,0.02,0.0,0.0
2015,192,0.0,0.0,0.02,0.08
2015,196,0.01,0.01,0.0,0.03
2015,203,0.0,0.02,0.0,0.0
2015,204,0.0,0.0,0.0,0.0
2015,208,0.21,0.65,0.12,0.17
2015,212,0.0,0.0,0.0,0.0
2015,214,0.0,0.0,0.0,0.0
2015,218,0.05,0.57,0.01,0.22
2015,222,0.0,0.0,0.0,0.0
2015,226,0.0,0.0,0.0,0.0
2015,231,0.0,0.0,0.0,0.02
2015,232,0.0,0.0,0.0,0.0
2015,233,0.12,0.21,0.02,0.53
2015,238,0.0,0.0,0.0,0.0
2015,242,0.0,0.0,3.08,1.97
2015,246,0.0,0.0,0.01,0.01
2015,251,0.15,0.26,0.31,0.39
2015,258,0.0,0.01,0.01,0.0
2015,260,0.0,0.0,0.0,0.0
2015,262,0.0,0.0,0.0,0.0
2015,266,0.0,0.0,0.0,0.0
2015,268,0.0,0.0,0.0,0.0
2015,270,0.0,0.0,0.0,0.0
2015,275,0.0,0.0,0.0,0.0
2015,276,0.04,0.14,0.01,0.04
2015,288,0.0,0.0,0.0,0.0
2015,292,0.0,0.0,0.0,0.0
2015,296,12.54,6.75,0.0,0.0
2015,300,0.0,0.01,0.03,0.39
2015,304,0.0,0.0,0.0,0.0
2015,308,0.0,0.0,0.0,0.0
2015,316,0.17,1.66,0.0,0.0
2015,320,0.01,0.01,0.0,0.0
2015,324,0.0,0.0,0.0,0.0
2015,328,0.0,0.0,0.0,0.0
2015,332,0.0,0.0,0.0,0.0
2015,340,0.0,0.0,0.0,0.0
2015,344,0.1,0.15,0.05,0.11
2015,348,0.01,0.01,0.02,0.04
2015,352,7.85,8.95,34.77,49.29
2015,360,57.84,18.95,18.98,12.16
2015,364,0.01,0.01,0.07,0.02
2015,368,0.0,0.0,0.0,0.0
2015,372,1.02,0.46,21.94,9.12
2015,376,0.48,1.87,0.01,2.08
2015,380,0.0,0.01,0.01,0.02
2015,384,0.0,0.0,0.0,0.0
2015,388,0.02,0.02,0.01,0.07
2015,392,0.14,0.65,0.01,0.17
2015,398,0.0,0.0,0.0,0.0
2015,400,0.08,0.15,0.0,0.01
2015,404,0.0,0.01,0.0,0.0
2015,408,1.45,1.91,11.88,3.5
2015,410,2.68,6.67,0.06,0.54
2015,414,0.0,0.0,0.0,0.0
2015,417,0.0,0.0,0.0,0.0
2015,418,0.0,0.01,0.0,0.0
2015,422,0.02,0.19,0.0,0.0
2015,426,0.0,0.0,0.02,0.01
2015,428,0.3,0.43,0.0,0.0
2015,430,0.0,0.0,0.0,0.0
2015,434,0.0,0.0,0.0,0.0
2015,440,0.16,0.19,0.14,0.2
2015,442,0.0,0.02,0.02,0.0
2015,446,0.0,0.0,0.0,0.0
2015,450,14.06,3.41,16.92,21.48
2015,454,0.0,0.0,0.0,0.0
2015,458,0.58,0.22,0.03,0.09
2015,462,0.0,0.0,0.0,0.0
2015,466,0.0,0.0,0.0,0.0
2015,470,0.0,0.0,0.0,0.0
2015,478,0.0,0.0,0.0,0.0
2015,480,0.01,0.02,0.0,0.0
2015,484,0.01,0.03,0.07,0.11
2015,490,0.06,0.33,0.02,0.2
2015,496,0.0,0.0,0.0,0.0
2015,498,0.0,0.0,0.0,0.0
2015,499,0.0,0.0,0.0,0.0
2015,500,0.0,0.0,0.0,0.0
2015,504,0.97,1.2,5.42,12.73
2015,508,0.0,0.0,0.0,0.0
2015,512,0.0,0.0,0.0,0.0
2015,516,0.0,0.0,0.0,0.0
2015,520,0.0,0.0,0.0,0.0
2015,524,0.0,0.0,0.0,0.0
2015,528,0.07,0.28,0.03,0.12
2015,531,0.0,0.0,0.0,0.0
2015,533,0.0,0.0,0.0,0.0
2015,534,0.0,0.0,0.0,0.0
2015,535,0.0,0.0,0.0,0.0
2015,540,0.0,0.0,0.0,0.0
2015,548,0.0,0.0,0.0,0.0
2015,554,0.16,0.99,0.02,0.05
2015,558,0.0,0.01,0.0,0.0
2015,562,0.0,0.0,1.32,0.26
2015,566,0.0,0.0,0.0,0.0
2015,570,0.0,0.0,0.0,0.0
2015,574,0.0,0.0,0.0,0.0
2015,579,0.01,0.06,1.56,2.22
2015,580,0.0,0.0,0.0,0.0
2015,583,0.0,0.0,0.0,0.0
2015,584,0.0,0.0,0.0,0.0
2015,585,0.0,0.0,0.0,0.0
2015,586,0.0,0.0,0.01,0.01
2015,591,0.15,0.06,0.37,0.42
2015,598,1.93,0.63,0.0,0.0
2015,600,0.0,0.0,0.0,0.0
2015,604,0.12,0.2,47.72,28.33
2015,608,4.55,3.79,9.69,17.96
2015,612,0.0,0.0,0.0,0.0
2015,616,0.0,0.01,0.04,0.04
2015,620,0.07,0.43,1.01,1.66
2015,624,0.0,0.0,0.0,0.0
2015,626,0.0,0.0,5.71,2.2
2015,634,0.0,0.0,0.0,0.0
2015,642,0.01,0.01,0.0,0.01
2015,643,0.02,0.08,0.16,0.01
2015,646,0.0,0.0,0.0,0.0
2015,652,0.0,0.0,0.0,0.0
2015,654,0.0,0.0,0.0,0.0
2015,659,0.0,0.0,0.0,0.0
2015,660,0.0,0.0,0.0,0.0
2015,662,0.13,0.89,0.11,1.95
2015,666,0.0,0.0,0.0,0.0
2015,670,0.0,0.0,0.0,0.0
2015,674,0.0,0.0,0.0,0.0
2015,678,0.0,0.0,0.0,0.0
2015,682,0.0,0.0,0.0,0.0
2015,686,0.12,0.08,0.0,0.16
2015,688,0.01,0.01,0.0,0.0
2015,690,0.0,0.0,0.0,0.0
2015,694,0.0,0.0,0.0,0.0
2015,699,0.02,0.3,0.07,0.7
2015,702,0.01,0.07,0.0,0.02
2015,703,0.01,0.01,0.09,0.01
2015,704,0.1,0.23,0.42,0.34
2015,705,0.0,0.06,0.01,0.41
2015,706,0.0,0.0,0.0,0.0
2015,710,0.42,0.23,0.37,0.67
2015,716,0.0,0.0,0.0,0.0
2015,724,0.32,1.15,0.27,0.36
2015,728,0.0,0.0,0.0,0.0
2015,729,0.0,0.0,0.0,0.0
2015,740,0.0,0.0,0.0,0.0
2015,748,0.0,0.0,0.0,0.0
2015,752,0.02,0.1,0.01,0.02
2015,757,0.0,0.01,0.0,0.02
2015,760,0.0,0.0,0.0,0.0
2015,762,0.0,0.0,0.0,0.0
2015,764,0.17,0.44,0.04,0.13
2015,768,0.0,0.0,0.01,0.0
2015,772,0.0,0.0,0.0,0.0
2015,776,413.58,250.47,0.06,0.42
2015,780,0.0,0.01,0.0,0.0
2015,784,0.08,0.06,0.0,0.0
2015,788,0.0,0.0,0.05,0.1
2015,792,0.0,0.0,0.01,0.02
2015,795,0.0,0.0,0.0,0.0
2015,796,0.0,0.0,0.0,0.0
2015,798,0.0,0.0,0.0,0.0
2015,800,0.01,0.02,0.0,0.0
2015,804,0.0,0.0,0.02,0.05
2015,807,0.0,0.0,0.0,0.0
2015,818,0.0,0.0,0.02,0.03
2015,826,0.25,0.44,0.16,0.43
2015,834,9.29,11.18,85.65,48.51
2015,842,0.05,0.21,0.01,0.14
2015,854,0.01,0.11,0.0,0.0
2015,858,0.0,0.0,0.0,0.0
2015,860,0.0,0.0,0.0,0.0
2015,862,0.0,0.0,0.0,0.0
2015,876,0.0,0.0,0.0,0.0
2015,882,0.0,0.0,0.0,0.0
2015,887,0.0,0.0,0.0,0.0
2015,894,0.0,0.0,0.0,0.0
2020,4,0.0,0.0,0.0,0.0
2020,8,0.0,0.0,0.0,0.0
2020,12,0.0,0.0,0.0,0.0
2020,16,0.0,0.0,0.0,0.0
2020,20,0.0,0.0,0.0,0.0
2020,24,0.0,0.0,0.0,0.0
2020,28,0.01,0.01,0.0,0.0
2020,31,0.0,0.0,0.0,0.0
2020,32,0.04,0.06,0.02,0.07
2020,36,0.24,0.2,0.15,0.25
2020,40,0.02,0.08,0.02,0.05
2020,44,0.0,0.0,0.0,0.32
2020,48,0.01,0.0,0.0,0.0
2020,50,0.0,0.0,0.0,0.0
2020,51,0.0,0.0,0.0,0.0
2020,52,0.0,0.0,0.0,0.0
2020,56,0.02,0.09,0.12,0.19
2020,60,0.0,0.0,0.0,0.0
2020,64,0.0,0.0,0.0,0.0
2020,68,0.0,0.0,0.0,0.0
2020,70,0.0,0.0,0.0,0.0
2020,72,0.0,0.0,0.0,0.0
2020,76,0.04,0.04,2.61,0.7
2020,84,0.02,0.07,0.02,0.13
2020,86,0.0,0.0,0.0,0.0
2020,90,0.0,0.0,17.41,4.35
2020,92,0.0,0.0,0.0,0.0
2020,96,0.16,0.18,0.02,3.41
2020,100,0.09,0.15,0.02,0.05
2020,104,4.29,0.83,0.01,0.04
2020,108,0.0,0.0,0.0,0.0
2020,112,0.23,0.22,0.0,0.02
2020,116,0.0,0.0,0.0,0.0
2020,120,0.0,0.0,0.0,0.0
2020,124,0.25,0.74,1.46,2.29
2020,132,0.0,0.0,0.0,0.0
2020,136,0.0,0.04,0.03,0.09
2020,140,0.0,0.0,0.0,0.0
2020,144,0.22,0.11,0.57,0.28
2020,148,0.0,0.0,0.0,0.0
2020,152,3.03,2.65,60.72,66.8
2020,156,0.81,1.5,0.06,0.18
2020,162,0.0,0.0,0.0,0.0
2020,166,0.0,0.0,0.0,0.0
2020,170,0.0,0.0,0.0,0.0
2020,174,0.0,0.0,0.0,0.0
2020,178,0.0,0.0,0.0,0.0
2020,180,0.0,0.0,0.0,0.0
2020,184,0.0,0.0,0.0,0.0
2020,188,0.0,0.0,0.0,0.0
2020,191,0.01,0.06,0.02,0.08
2020,192,0.0,0.0,0.0,0.0
2020,196,0.01,0.05,0.01,0.5
2020,203,0.02,0.04,0.01,0.07
2020,204,0.0,0.0,0.0,0.0
2020,208,0.36,0.96,0.12,0.91
2020,212,0.0,0.0,0.0,0.0
2020,214,0.0,0.0,0.0,0.0
2020,218,0.12,1.13,0.0,0.03
2020,222,0.0,0.0,0.0,0.0
2020,226,0.0,0.0,0.0,0.0
2020,231,0.0,0.0,0.0,0.02
2020,232,0.0,0.0,0.0,0.0
2020,233,0.01,0.16,0.01,0.06
2020,238,0.0,0.0,0.0,0.0
2020,242,0.0,0.0,0.0,0.0
2020,246,0.0,0.01,0.01,0.02
2020,251,0.13,0.21,1.6,0.88
2020,258,0.0,0.0,0.0,0.0
2020,260,0.0,0.0,0.0,0.0
2020,262,0.0,0.0,0.0,0.0
2020,266,0.0,0.0,0.0,0.0
2020,268,0.0,0.0,0.0,0.0
2020,270,0.0,0.0,0.0,0.0
2020,275,0.0,0.0,0.0,0.0
2020,276,0.02,0.1,0.04,0.12
2020,288,0.0,0.0,0.0,0.0
2020,292,0.0,0.0,0.0,0.32
2020,296,0.0,0.0,0.0,0.0
2020,300,0.01,0.04,0.07,0.26
2020,304,0.03,0.02,0.0,0.01
2020,308,0.88,49.71,0.22,11.36
2020,316,0.0,0.0,0.01,0.05
2020,320,0.0,0.0,0.0,0.0
2020,324,0.0,0.0,0.0,0.0
2020,328,0.0,0.0,0.0,0.0
2020,332,0.0,0.0,0.0,0.0
2020,340,0.0,0.0,0.01,0.96
2020,344,0.02,0.07,0.0,0.01
2020,348,0.0,0.0,0.0,0.05
2020,352,11.4,12.76,51.86,89.7
2020,360,57.42,20.23,7.52,5.28
2020,364,0.05,0.02,0.28,0.31
2020,368,0.0,0.0,0.0,0.0
2020,372,0.48,0.37,19.26,9.56
2020,376,0.31,1.77,1.52,1.85
2020,380,0.01,0.06,0.12,0.19
2020,384,0.0,0.0,0.0,0.0
2020,388,0.46,0.91,0.01,0.44
2020,392,0.12,0.69,0.02,0.17
2020,398,0.05,0.06,0.0,0.0
2020,400,0.0,0.0,0.0,0.0
2020,404,0.0,0.03,0.0,0.0
2020,408,0.13,1.4,0.0,0.3
2020,410,3.46,9.83,0.03,0.39
2020,414,0.0,0.0,0.0,0.0
2020,417,0.0,0.0,0.0,0.0
2020,418,20.68,1.16,0.0,0.0
2020,422,0.0,0.01,0.0,0.0
2020,426,0.0,0.0,0.0,0.0
2020,428,0.27,0.37,0.05,0.05
2020,430,0.0,0.0,0.0,0.0
2020,434,0.0,0.0,0.0,0.0
2020,440,0.24,0.21,0.25,0.46
2020,442,0.04,1.48,0.0,0.01
2020,446,0.0,0.0,0.0,0.0
2020,450,16.61,4.05,39.68,54.2
2020,454,0.0,0.0,0.0,0.0
2020,458,0.35,0.26,0.07,0.3
2020,462,0.0,0.0,0.0,0.0
2020,466,0.0,0.0,0.0,0.0
2020,470,0.02,0.16,0.01,0.02
2020,478,0.0,0.0,0.0,0.0
2020,480,0.0,0.0,0.0,0.0
2020,484,0.01,0.01,0.08,0.12
2020,490,0.02,0.13,0.01,0.09
2020,496,0.0,0.0,0.0,0.0
2020,498,0.05,0.38,0.0,0.0
2020,499,0.0,0.0,0.0,0.0
2020,500,0.0,0.0,0.0,0.0
2020,504,0.79,0.83,3.37,11.74
2020,508,0.0,0.0,0.0,0.0
2020,512,0.0,0.0,0.0,0.0
2020,516,0.0,0.0,0.71,0.54
2020,520,0.0,0.0,0.0,0.0
2020,524,0.0,0.0,0.0,0.0
2020,528,0.06,0.23,0.06,0.39
2020,531,0.0,0.0,0.0,0.0
2020,533,0.0,0.0,0.0,0.0
2020,534,0.0,0.0,1.18,3.64
2020,535,0.0,0.0,0.0,0.0
2020,540,0.0,0.0,0.0,0.0
2020,548,0.0,0.0,0.0,0.0
2020,554,0.0,0.1,0.04,0.78
2020,558,0.0,0.0,0.0,0.0
2020,562,0.0,0.0,0.3,0.05
2020,566,0.0,0.0,0.0,0.0
2020,570,0.0,0.0,0.0,0.0
2020,574,0.0,0.0,0.0,0.0
2020,579,0.43,0.25,6.39,5.59
2020,580,0.0,0.0,0.0,0.0
2020,583,0.0,0.0,0.0,0.0
2020,584,0.0,0.0,0.0,0.0
2020,585,0.0,0.0,0.0,0.0
2020,586,0.0,0.0,0.0,0.0
2020,591,0.04,0.01,0.15,0.16
2020,598,0.0,0.0,0.0,0.0
2020,600,0.0,0.0,0.0,0.0
2020,604,0.28,0.11,47.99,29.11
2020,608,5.38,8.37,6.08,12.06
2020,612,0.0,0.0,0.0,0.0
2020,616,0.04,0.09,0.0,0.02
2020,620,0.19,0.76,0.52,1.59
2020,624,0.0,0.0,0.0,0.0
2020,626,57.51,9.61,0.0,0.0
2020,634,0.0,0.0,0.0,0.0
2020,642,0.0,0.0,0.03,0.02
2020,643,0.05,0.1,0.03,0.02
2020,646,0.0,0.0,0.0,0.0
2020,652,0.0,0.0,0.0,0.0
2020,654,0.0,0.0,0.0,0.0
2020,659,0.0,0.0,0.0,0.0
2020,660,0.0,0.0,0.0,0.0
2020,662,86.3,466.51,2.49,9.67
2020,666,0.0,0.0,0.0,0.0
2020,670,0.49,3.86,0.43,8.39
2020,674,0.0,0.0,0.0,0.0
2020,678,0.0,0.0,0.0,0.0
2020,682,0.0,0.0,0.0,0.0
2020,686,0.0,0.0,0.0,0.0
2020,688,0.0,0.0,0.0,0.0
2020,690,0.0,0.0,0.0,0.0
2020,694,0.0,0.0,0.0,0.0
2020,699,0.02,0.22,0.01,0.13
2020,702,0.01,0.14,0.02,0.25
2020,703,0.01,0.02,0.3,0.03
2020,704,0.22,0.19,0.81,0.73
2020,705,0.0,0.03,0.01,0.12
2020,706,0.0,0.0,0.0,0.0
2020,710,0.15,0.1,1.73,2.11
2020,716,0.0,0.0,0.0,0.0
2020,724,0.14,0.57,0.45,0.47
2020,728,0.0,0.0,0.0,0.0
2020,729,0.0,0.0,0.0,0.0
2020,740,0.0,0.0,0.0,0.0
2020,748,0.0,0.0,0.0,0.0
2020,752,0.02,0.18,0.02,0.19
2020,757,0.0,0.0,0.0,0.0
2020,760,0.0,0.0,0.03,0.03
2020,762,0.0,0.0,0.0,0.0
2020,764,0.05,0.36,0.03,0.17
2020,768,0.0,0.0,0.0,0.01
2020,772,0.0,0.0,0.0,0.0
2020,776,684.0,361.26,0.0,0.0
2020,780,0.11,0.19,0.54,1.0
2020,784,0.0,0.01,0.09,0.08
2020,788,0.0,0.01,0.14,0.45
2020,792,0.0,0.0,0.0,0.0
2020,795,0.0,0.0,0.0,0.0
2020,796,0.0,0.0,0.0,0.0
2020,798,0.0,0.0,0.0,0.0
2020,800,0.0,0.02,0.0,0.0
2020,804,0.0,0.01,0.05,0.21
2020,807,0.0,0.0,0.0,0.0
2020,818,0.0,0.0,0.0,0.0
2020,826,0.4,0.42,0.13,0.46
2020,834,0.6,1.16,46.2,60.37
2020,842,0.06,0.21,0.02,0.35
2020,854,0.01,0.15,0.0,0.03
2020,858,0.0,0.01,0.0,0.0
2020,860,0.0,0.0,0.0,0.0
2020,862,5.29,1.34,1.14,1.82
2020,876,0.0,0.0,0.0,0.0
2020,882,0.0,0.0,0.0,0.0
2020,887,0.0,0.0,0.0,0.0
2020,894,0.0,0.0,0.0,0.0
2022,4,0.0,0.0,0.0,0.0
2022,8,0.0,0.0,0.0,0.0
2022,12,0.0,0.0,0.0,0.0
2022,16,0.0,0.0,0.0,0.0
2022,20,0.0,0.0,0.0,0.0
2022,24,0.0,0.0,0.0,0.0
2022,28,0.0,0.02,0.0,0.0
2022,31,0.0,0.0,0.0,0.0
2022,32,0.08,0.14,0.02,0.06
2022,36,0.15,0.13,0.15,0.21
2022,40,0.03,0.14,0.01,0.06
2022,44,0.0,0.0,0.0,0.0
2022,48,0.01,0.0,0.0,0.0
2022,50,0.0,0.0,0.0,0.0
2022,51,0.0,0.0,0.0,0.0
2022,52,0.0,0.0,0.0,0.0
2022,56,0.01,0.04,0.13,0.14
2022,60,0.0,0.0,0.0,0.0
2022,64,0.0,0.0,0.0,0.0
2022,68,0.0,0.0,0.0,0.0
2022,70,0.0,0.0,0.0,0.0
2022,72,0.0,0.0,0.0,0.0
2022,76,0.04,0.04,1.49,0.25
2022,84,0.0,0.0,0.0,0.0
2022,86,0.0,0.0,0.0,0.0
2022,90,106.51,14.03,319.27,139.42
2022,92,0.0,0.0,0.02,0.28
2022,96,0.04,0.13,0.02,2.18
2022,100,0.05,0.12,0.0,0.01
2022,104,0.03,0.04,0.57,0.38
2022,108,0.0,0.0,0.0,0.0
2022,112,0.1,0.13,0.0,0.0
2022,116,0.0,0.0,0.0,0.0
2022,120,0.0,0.0,0.18,0.02
2022,124,0.11,0.38,0.83,1.15
2022,132,0.0,0.0,0.0,0.0
2022,136,0.0,0.0,0.0,0.0
2022,140,0.0,0.0,0.0,0.0
2022,144,0.25,0.14,0.94,0.26
2022,148,0.0,0.0,0.0,0.0
2022,152,3.12,3.66,56.06,88.7
2022,156,0.58,1.25,0.06,0.12
2022,162,0.0,0.0,0.0,0.0
2022,166,0.0,0.0,0.0,0.0
2022,170,0.0,0.0,0.0,0.0
2022,174,0.0,0.0,0.0,0.0
2022,178,0.0,0.0,0.0,0.0
2022,180,0.0,0.0,0.0,0.0
2022,184,0.0,0.0,0.0,0.0
2022,188,0.0,0.0,0.0,0.0
2022,191,0.0,0.01,0.0,0.02
2022,192,0.0,0.0,0.0,0.0
2022,196,0.01,0.05,0.11,1.5
2022,203,0.03,0.05,0.01,0.01
2022,204,0.0,0.0,0.0,0.0
2022,208,0.6,1.01,0.17,0.54
2022,212,0.2,0.07,30.78,1.1
2022,214,0.0,0.0,0.38,0.03
2022,218,0.07,0.57,0.0,0.03
2022,222,0.0,0.0,0.0,0.0
2022,226,0.0,0.0,0.0,0.01
2022,231,0.0,0.0,0.01,0.03
2022,232,0.0,0.0,0.0,0.0
2022,233,0.01,0.1,0.0,0.03
2022,238,0.0,0.0,0.0,0.0
2022,242,0.0,0.0,0.0,0.0
2022,246,0.0,0.0,0.02,0.02
2022,251,0.13,0.16,1.06,0.5
2022,258,0.5,2.48,0.25,1.53
2022,260,0.0,0.0,0.0,0.0
2022,262,0.0,0.0,0.0,0.0
2022,266,0.0,0.0,0.0,0.0
2022,268,0.0,0.0,0.0,0.0
2022,270,0.79,0.05,0.0,0.0
2022,275,0.0,0.0,0.0,0.0
2022,276,0.02,0.13,0.04,0.08
2022,288,0.0,0.0,0.0,0.0
2022,292,0.0,0.0,0.0,0.08
2022,296,0.0,0.0,0.0,0.0
2022,300,0.0,0.01,0.03,0.41
2022,304,0.0,0.0,0.0,0.01
2022,308,4.81,22.73,6.34,21.3
2022,316,0.0,0.0,0.0,0.0
2022,320,0.0,0.0,0.0,0.0
2022,324,0.0,0.0,0.0,0.01
2022,328,0.0,0.0,0.0,0.0
2022,332,0.0,0.0,0.0,0.0
2022,340,0.0,0.0,0.0,0.0
2022,344,0.2,0.16,0.15,0.49
2022,348,0.0,0.0,0.0,0.01
2022,352,23.66,18.83,126.05,75.71
2022,360,49.72,24.18,10.02,5.94
2022,364,0.0,0.0,0.02,0.01
2022,368,0.0,0.0,0.0,0.0
2022,372,0.2,0.27,11.16,6.36
2022,376,0.19,0.99,0.0,0.18
2022,380,0.01,0.03,0.05,0.1
2022,384,0.0,0.0,0.0,0.0
2022,388,0.1,0.47,0.03,0.1
2022,392,0.17,0.74,0.04,0.21
2022,398,0.04,0.13,0.0,0.0
2022,400,0.0,0.0,0.0,0.02
2022,404,0.47,0.08,0.91,0.36
2022,408,2.02,4.75,0.0,0.0
2022,410,2.87,8.65,0.03,0.27
2022,414,0.0,0.0,0.0,0.0
2022,417,0.03,0.0,3.23,6.06
2022,418,0.0,0.01,0.0,0.0
2022,422,0.01,0.03,0.04,0.17
2022,426,0.0,0.0,0.0,0.0
2022,428,0.19,0.22,0.14,0.26
2022,430,0.0,0.0,0.0,0.0
2022,434,0.0,0.0,0.0,0.0
2022,440,0.24,0.61,0.05,0.04
2022,442,0.02,0.1,0.01,0.05
2022,446,0.04,0.1,0.0,0.0
2022,450,9.77,2.11,51.37,46.92
2022,454,0.0,0.0,0.0,0.0
2022,458,0.08,0.08,0.08,0.16
2022,462,0.0,0.0,0.0,0.0
2022,466,0.0,0.0,0.0,0.0
2022,470,0.0,0.01,0.0,0.0
2022,478,0.0,0.0,0.0,0.0
2022,480,0.0,0.0,0.0,0.0
2022,484,0.0,0.01,0.06,0.1
2022,490,0.02,0.12,0.01,0.07
2022,496,0.0,0.0,0.0,0.0
2022,498,0.03,0.24,0.0,0.0
2022,499,0.0,0.0,0.0,0.0
2022,500,0.0,0.0,0.0,0.0
2022,504,0.45,0.31,3.43,6.96
2022,508,0.0,0.0,0.0,0.0
2022,512,0.0,0.0,0.0,0.0
2022,516,0.0,0.0,0.0,0.0
2022,520,0.0,0.0,0.0,0.0
2022,524,0.0,0.0,0.0,0.0
2022,528,0.1,0.31,0.1,0.33
2022,531,0.01,0.18,0.0,0.0
2022,533,0.0,0.0,0.0,0.0
2022,534,0.0,0.0,0.0,0.0
2022,535,0.0,0.0,0.0,0.0
2022,540,0.0,0.0,0.0,0.0
2022,548,0.0,0.0,0.0,0.0
2022,554,0.06,0.16,0.06,0.08
2022,558,0.0,0.0,0.0,0.0
2022,562,0.0,0.0,0.89,0.13
2022,566,0.0,0.0,0.0,0.0
2022,570,0.0,0.0,0.0,0.0
2022,574,0.0,0.0,0.0,0.0
2022,579,0.04,0.02,1.73,1.13
2022,580,0.0,0.0,0.0,0.0
2022,583,0.0,0.0,0.0,0.0
2022,584,0.0,0.0,0.0,0.0
2022,585,0.0,0.0,0.0,0.0
2022,586,0.0,0.0,0.02,0.04
2022,591,0.0,0.0,0.09,0.16
2022,598,0.0,0.0,0.0,0.0
2022,600,0.0,0.0,0.0,0.0
2022,604,0.17,0.11,66.3,60.65
2022,608,3.69,6.56,12.52,10.18
2022,612,0.0,0.0,0.0,0.0
2022,616,0.03,0.11,0.08,0.07
2022,620,0.09,0.47,0.35,0.82
2022,624,0.0,0.0,0.0,0.0
2022,626,26.29,17.99,41.54,31.59
2022,634,0.0,0.0,0.0,0.0
2022,642,0.0,0.01,0.0,0.0
2022,643,0.05,0.14,0.03,0.02
2022,646,0.0,0.0,0.0,0.0
2022,652,0.0,0.0,0.0,0.0
2022,654,0.0,0.0,0.0,0.0
2022,659,0.0,0.0,0.0,0.0
2022,660,0.0,0.0,0.0,0.0
2022,662,94.01,435.75,28.31,345.49
2022,666,0.0,0.0,0.0,0.06
2022,670,1.58,5.3,0.37,3.68
2022,674,0.0,0.0,0.0,0.0
2022,678,0.0,0.0,0.0,0.0
2022,682,0.0,0.01,0.0,0.0
2022,686,0.0,0.0,0.01,0.13
2022,688,0.0,0.02,0.03,0.31
2022,690,0.0,0.0,0.0,0.0
2022,694,0.0,0.0,0.08,0.45
2022,699,0.02,0.18,0.03,0.08
2022,702,0.01,0.03,0.01,0.04
2022,703,0.0,0.0,0.17,0.1
2022,704,0.08,0.18,2.06,0.65
2022,705,0.01,0.02,0.02,0.15
2022,706,0.0,0.0,0.0,0.0
2022,710,1.07,0.59,1.05,1.79
2022,716,0.0,0.0,0.0,0.0
2022,724,0.15,0.18,0.34,0.28
2022,728,0.0,0.0,0.0,0.0
2022,729,0.0,0.0,0.0,0.0
2022,740,0.0,0.0,0.0,0.0
2022,748,0.0,0.0,0.0,0.0
2022,752,0.01,0.09,0.01,0.14
2022,757,0.0,0.0,0.0,0.0
2022,760,0.01,0.03,0.0,2.63
2022,762,0.0,0.0,0.02,0.0
2022,764,0.05,0.26,0.01,0.09
2022,768,0.0,0.0,0.0,0.0
2022,772,0.0,0.0,0.0,0.0
2022,776,296.24,144.24,0.0,0.0
2022,780,0.01,0.04,0.07,0.08
2022,784,0.0,0.01,0.23,0.13
2022,788,0.0,0.02,0.28,0.25
2022,792,0.0,0.0,0.0,0.0
2022,795,0.0,0.0,0.0,0.0
2022,796,0.0,0.0,0.0,0.0
2022,798,0.0,0.0,0.0,0.0
2022,800,0.0,0.0,0.0,0.0
2022,804,0.0,0.01,0.03,0.08
2022,807,0.0,0.0,0.0,0.0
2022,818,0.01,0.01,0.01,0.01
2022,826,0.21,0.43,0.33,0.7
2022,834,18.9,7.47,45.69,30.16
2022,842,0.05,0.16,0.02,0.18
2022,854,0.01,0.11,0.0,0.0
2022,858,0.0,0.0,0.0,0.0
2022,860,0.01,0.01,0.0,0.01
2022,862,17.62,8.06,0.92,0.8
2022,876,0.0,0.0,0.0,0.0
2022,882,0.0,0.0,0.0,0.0
2022,887,0.0,0.0,0.0,0.0
2022,894,0.0,0.0,0.0,0.0
2018,4,0.0,0.0,0.05,0.07
2018,8,0.0,0.01,0.0,0.0
2018,12,0.0,0.0,0.0,0.0
2018,16,0.0,0.0,0.0,0.0
2018,20,0.0,0.0,0.0,0.0
2018,24,0.0,0.0,0.0,0.0
2018,28,0.0,0.0,0.0,0.0
2018,31,0.0,0.0,0.0,0.0
2018,32,0.01,0.02,0.19,0.6
2018,36,0.24,0.16,0.27,0.4
2018,40,0.03,0.09,0.01,0.07
2018,44,0.0,0.0,0.27,1.08
2018,48,0.02,0.02,0.0,0.01
2018,50,0.0,0.0,0.0,0.0
2018,51,0.0,0.0,0.0,0.0
2018,52,0.0,0.0,0.0,0.0
2018,56,0.03,0.1,0.04,0.07
2018,60,0.0,0.0,0.0,0.0
2018,64,0.0,0.0,0.0,0.0
2018,68,0.0,0.0,0.0,0.01
2018,70,0.0,0.0,0.0,0.0
2018,72,0.0,0.0,0.0,0.0
2018,76,0.02,0.03,0.14,0.08
2018,84,0.0,0.0,0.0,0.0
2018,86,0.0,0.0,0.0,0.0
2018,90,0.86,2.5,14.51,11.3
2018,92,0.0,0.0,0.0,0.0
2018,96,0.03,0.42,0.0,0.01
2018,100,0.01,0.06,0.0,0.0
2018,104,0.18,0.07,0.0,0.01
2018,108,0.0,0.0,0.0,0.0
2018,112,0.05,0.05,0.01,0.01
2018,116,0.0,0.0,0.0,0.0
2018,120,0.0,0.0,0.01,0.02
2018,124,0.09,0.25,1.03,2.26
2018,132,0.0,0.0,0.0,0.0
2018,136,0.0,0.0,0.0,0.0
2018,140,0.0,0.0,0.0,0.0
2018,144,0.04,0.02,0.34,0.36
2018,148,0.0,0.0,0.0,0.02
2018,152,3.59,3.5,62.63,75.9
2018,156,0.87,1.76,0.1,0.18
2018,162,0.0,0.0,0.0,0.0
2018,166,0.0,0.0,0.0,0.0
2018,170,0.0,0.0,0.0,0.0
2018,174,0.0,0.0,0.0,0.0
2018,178,0.0,0.0,0.0,0.0
2018,180,0.0,0.0,0.0,0.0
2018,184,0.0,0.0,0.0,0.0
2018,188,0.0,0.0,0.0,0.0
2018,191,0.0,0.01,0.0,0.0
2018,192,0.0,0.0,0.0,0.0
2018,196,0.01,0.01,0.01,0.1
2018,203,0.02,0.04,0.0,0.0
2018,204,0.0,0.0,0.0,0.0
2018,208,0.27,0.78,0.13,0.28
2018,212,0.0,0.0,0.0,0.0
2018,214,0.01,0.01,0.0,0.01
2018,218,0.12,1.1,0.0,0.0
2018,222,0.0,0.0,0.0,0.0
2018,226,0.0,0.0,0.0,0.0
2018,231,0.0,0.0,0.01,0.02
2018,232,0.0,0.0,0.0,0.0
2018,233,0.01,0.07,0.06,0.11
2018,238,0.0,0.0,0.0,0.0
2018,242,0.0,0.0,0.03,0.41
2018,246,0.0,0.01,0.01,0.03
2018,251,0.08,0.18,0.73,0.75
2018,258,0.0,0.0,0.0,0.01
2018,260,0.0,0.0,0.0,0.0
2018,262,0.0,0.0,0.0,0.0
2018,266,0.0,0.0,0.0,0.0
2018,268,0.0,0.0,0.0,0.0
2018,270,0.0,0.0,0.0,0.0
2018,275,0.0,0.0,0.0,0.0
2018,276,0.05,0.1,0.01,0.06
2018,288,0.0,0.02,0.0,0.0
2018,292,0.0,0.0,0.0,0.0
2018,296,50.94,17.66,0.0,0.0
2018,300,0.01,0.09,0.04,0.18
2018,304,0.0,0.0,0.0,0.0
2018,308,0.23,2.06,0.0,0.0
2018,316,0.07,0.47,0.05,0.39
2018,320,0.0,0.0,0.01,0.01
2018,324,0.0,0.0,0.0,0.0
2018,328,0.0,0.0,0.0,0.0
2018,332,0.0,0.0,0.0,0.0
2018,340,0.0,0.0,0.0,0.68
2018,344,0.06,0.12,0.0,0.02
2018,348,0.0,0.0,0.02,0.03
2018,352,14.82,15.78,106.38,94.91
2018,360,59.34,21.11,10.37,7.89
2018,364,0.0,0.0,0.03,0.03
2018,368,0.0,0.0,0.0,0.0
2018,372,0.63,0.46,22.66,9.45
2018,376,0.22,0.65,4.7,5.68
2018,380,0.01,0.03,0.06,0.15
2018,384,0.0,0.0,0.0,0.0
2018,388,0.0,0.04,0.0,0.08
2018,392,0.12,0.65,0.02,0.2
2018,398,0.1,0.12,0.0,0.0
2018,400,0.0,0.0,0.0,0.0
2018,404,0.0,0.0,0.0,0.0
2018,408,0.04,0.5,0.03,0.13
2018,410,3.27,9.63,0.03,0.13
2018,414,0.0,0.0,0.0,0.0
2018,417,0.0,0.0,0.0,0.0
2018,418,0.0,0.04,0.0,0.0
2018,422,0.01,0.09,0.01,0.3
2018,426,0.0,0.0,0.0,0.0
2018,428,0.34,0.31,0.13,0.13
2018,430,0.0,0.0,0.0,0.0
2018,434,0.0,0.0,0.0,0.0
2018,440,0.09,0.1,0.5,0.73
2018,442,0.0,0.02,0.0,0.0
2018,446,0.0,0.0,0.0,0.0
2018,450,4.36,0.79,23.78,20.35
2018,454,0.0,0.0,0.0,0.0
2018,458,0.26,0.21,0.02,0.09
2018,462,0.0,0.0,0.0,0.0
2018,466,0.0,0.0,0.0,0.0
2018,470,0.23,0.96,0.0,0.0
2018,478,0.0,0.0,0.0,0.0
2018,480,0.0,0.0,0.0,0.01
2018,484,0.01,0.02,0.07,0.07
2018,490,0.03,0.2,0.05,0.19
2018,496,0.0,0.0,0.0,0.0
2018,498,0.02,0.07,0.0,0.0
2018,499,0.0,0.0,0.0,0.0
2018,500,0.0,0.0,0.0,0.0
2018,504,1.6,2.8,3.89,13.35
2018,508,0.0,0.0,0.0,0.0
2018,512,0.0,0.0,0.0,0.0
2018,516,0.0,0.0,0.29,0.12
2018,520,0.0,0.0,0.0,0.0
2018,524,0.0,0.0,0.0,0.0
2018,528,0.07,0.29,0.06,0.32
2018,530,0.0,0.0,0.0,0.0
2018,531,0.0,0.0,0.0,0.0
2018,533,0.0,0.0,0.0,0.0
2018,534,0.0,0.0,0.0,0.0
2018,535,0.0,0.0,0.0,0.0
2018,540,0.0,0.0,0.0,0.0
2018,548,0.0,0.0,0.0,0.0
2018,554,0.15,0.46,0.96,0.93
2018,558,0.0,0.0,0.0,0.0
2018,562,0.0,0.0,0.0,0.0
2018,566,0.0,0.0,0.01,0.01
2018,570,0.0,0.0,0.0,0.0
2018,574,0.0,0.0,0.0,0.0
2018,579,0.13,0.18,3.1,3.5
2018,580,0.0,0.0,0.0,0.0
2018,583,0.0,0.0,0.0,0.0
2018,584,0.0,0.0,0.0,0.0
2018,585,0.0,0.0,0.0,0.0
2018,586,0.0,0.0,0.0,0.0
2018,591,0.03,0.01,0.03,0.09
2018,598,0.0,0.0,0.0,0.0
2018,600,0.0,0.0,0.0,0.0
2018,604,0.13,0.36,53.29,35.62
2018,608,3.36,4.61,5.71,9.59
2018,612,0.0,0.0,0.0,0.0
2018,616,0.07,0.09,0.06,0.08
2018,620,0.21,0.66,3.33,7.66
2018,624,0.0,0.0,0.0,0.0
2018,626,0.0,0.0,0.0,0.0
2018,634,0.0,0.0,0.0,0.0
2018,642,0.0,0.01,0.0,0.0
2018,643,0.03,0.07,0.02,0.01
2018,646,0.0,0.0,0.0,0.0
2018,652,0.0,0.0,0.0,0.0
2018,654,0.0,0.0,0.0,0.0
2018,659,0.0,0.0,0.0,0.0
2018,660,0.0,0.0,0.0,0.0
2018,662,0.71,3.26,0.15,2.49
2018,666,0.0,0.0,0.0,0.0
2018,670,0.0,0.0,0.0,0.0
2018,674,0.0,0.0,0.0,0.0
2018,678,0.0,0.0,0.0,0.0
2018,682,0.0,0.0,0.0,0.0
2018,686,0.0,0.0,0.48,1.07
2018,688,0.0,0.0,0.0,0.0
2018,690,0.0,0.0,0.0,0.0
2018,694,0.01,0.02,0.0,0.0
2018,699,0.03,0.12,0.04,0.6
2018,702,0.02,0.07,0.01,0.02
2018,703,0.02,0.04,0.32,0.03
2018,704,0.08,0.09,0.28,0.24
2018,705,0.0,0.02,0.01,0.04
2018,706,0.0,0.0,0.0,0.0
2018,710,0.3,0.18,0.41,1.08
2018,716,0.0,0.0,0.0,0.0
2018,724,0.29,0.78,0.52,0.37
2018,728,0.0,0.0,0.0,0.0
2018,729,0.03,0.09,0.95,0.61
2018,740,0.0,0.0,0.0,0.0
2018,748,0.0,0.0,0.0,0.0
2018,752,0.04,0.21,0.0,0.16
2018,757,0.0,0.01,0.0,0.0
2018,760,0.0,0.0,0.07,0.1
2018,762,0.0,0.0,0.0,0.0
2018,764,0.09,0.45,0.04,0.17
2018,768,0.0,0.0,0.01,0.01
2018,772,0.0,0.0,0.0,0.0
2018,776,429.72,196.94,0.0,0.0
2018,780,0.03,0.01,0.18,0.15
2018,784,0.04,0.04,0.0,0.0
2018,788,0.01,0.09,0.7,0.29
2018,792,0.03,0.01,0.01,0.02
2018,795,0.0,0.0,0.0,0.0
2018,796,0.0,0.0,0.0,0.0
2018,798,0.0,0.0,0.0,0.0
2018,800,0.0,0.0,0.0,0.0
2018,804,0.0,0.01,0.04,0.12
2018,807,0.0,0.0,0.0,0.0
2018,818,0.01,0.02,0.03,0.04
2018,826,0.39,0.42,0.12,0.33
2018,834,8.02,1.7,101.64,54.75
2018,842,0.05,0.17,0.04,0.25
2018,854,0.05,0.3,0.0,0.0
2018,858,0.0,0.0,0.0,0.0
2018,860,0.0,0.0,0.0,0.0
2018,862,0.0,0.0,0.0,0.0
2018,876,0.0,0.0,0.0,0.0
2018,882,15.41,9.92,0.0,0.0
2018,887,0.0,0.0,0.0,0.0
2018,894,0.0,0.0,0.0,0.0
2017,4,0.0,0.0,3.49,5.89
2017,8,0.0,0.0,0.0,0.0
2017,12,0.0,0.0,0.0,0.0
2017,16,0.0,0.0,0.0,0.0
2017,20,0.0,0.0,0.0,0.0
2017,24,0.0,0.0,0.0,0.0
2017,28,0.0,0.0,0.0,0.0
2017,31,0.0,0.0,0.0,0.0
2017,32,0.05,0.09,0.16,0.54
2017,36,0.29,0.2,0.22,0.31
2017,40,0.04,0.17,0.01,0.03
2017,44,0.0,0.0,0.36,1.18
2017,48,0.0,0.0,0.0,0.0
2017,50,0.0,0.0,0.0,0.0
2017,51,0.0,0.0,0.0,0.0
2017,52,0.0,0.0,0.0,0.0
2017,56,0.02,0.07,0.03,0.06
2017,60,0.0,0.0,0.0,0.0
2017,64,0.0,0.01,0.0,0.0
2017,68,0.0,0.0,0.0,0.01
2017,70,0.0,0.0,0.0,0.0
2017,72,0.0,0.0,0.0,0.0
2017,76,0.03,0.03,0.09,0.1
2017,84,0.0,0.0,0.0,0.0
2017,86,0.0,0.0,0.0,0.0
2017,90,2.22,7.17,22.88,18.68
2017,92,0.0,0.0,0.0,0.0
2017,96,0.03,0.29,0.01,1.85
2017,100,0.01,0.04,0.0,0.01
2017,104,49.42,0.75,0.0,0.01
2017,108,0.0,0.0,0.0,0.0
2017,112,0.05,0.01,0.0,0.01
2017,116,0.0,0.0,0.0,0.0
2017,120,0.0,0.0,0.0,0.0
2017,124,0.25,0.53,0.82,2.07
2017,132,0.0,0.0,0.0,0.0
2017,136,0.0,0.0,0.0,0.0
2017,140,0.0,0.0,0.0,0.0
2017,144,0.39,0.1,0.28,0.2
2017,148,0.0,0.0,0.0,0.0
2017,152,6.5,4.58,67.2,90.56
2017,156,0.87,1.71,0.1,0.26
2017,162,0.0,0.0,0.0,0.0
2017,166,0.0,0.0,0.0,0.0
2017,170,0.0,0.0,0.0,0.0
2017,174,0.0,0.0,0.0,0.0
2017,178,0.0,0.0,0.0,0.0
2017,180,0.0,0.0,0.0,0.0
2017,184,0.0,0.0,0.0,0.0
2017,188,0.0,0.01,0.0,0.0
2017,191,0.0,0.01,0.0,0.0
2017,192,0.0,0.0,0.0,0.0
2017,196,0.02,0.01,0.0,0.0
2017,203,0.05,0.03,0.0,0.02
2017,204,0.0,0.0,1.36,0.18
2017,208,0.22,0.59,0.16,0.33
2017,212,0.0,0.0,0.0,0.0
2017,214,0.0,0.0,0.03,0.02
2017,218,0.13,1.06,0.0,0.0
2017,222,0.0,0.0,0.0,0.0
2017,226,0.0,0.0,0.0,0.0
2017,231,0.0,0.0,0.0,0.0
2017,232,0.0,0.0,0.0,0.0
2017,233,0.02,0.03,0.0,0.0
2017,238,0.0,0.0,0.0,0.0
2017,242,0.0,0.0,0.71,0.23
2017,246,0.0,0.01,0.02,0.02
2017,251,0.18,0.2,0.93,0.63
2017,258,0.0,0.0,0.01,0.0
2017,260,0.0,0.0,0.0,0.0
2017,262,0.0,0.0,0.0,0.0
2017,266,0.0,0.0,0.0,0.0
2017,268,0.0,0.0,0.0,0.0
2017,270,0.0,0.0,0.0,0.0
2017,275,0.0,0.0,0.0,0.0
2017,276,0.02,0.14,0.04,0.06
2017,288,0.0,0.03,0.0,0.01
2017,292,0.0,0.0,0.0,0.0
2017,296,32.0,9.07,0.0,0.0
2017,300,0.0,0.03,0.01,0.15
2017,304,0.0,0.01,0.0,0.0
2017,308,0.0,0.0,0.0,0.0
2017,316,0.07,0.59,0.06,0.87
2017,320,0.0,0.0,0.0,0.01
2017,324,0.0,0.0,0.0,0.0
2017,328,0.0,0.0,0.0,0.0
2017,332,0.0,0.0,0.0,0.0
2017,340,0.0,0.0,0.0,0.12
2017,344,0.14,0.14,0.01,0.02
2017,348,0.0,0.0,0.02,0.03
2017,352,16.55,17.14,560.91,101.31
2017,360,53.05,15.57,11.39,6.68
2017,364,0.0,0.0,0.03,0.01
2017,368,0.0,0.0,0.0,0.0
2017,372,1.16,0.49,14.43,11.37
2017,376,0.33,1.49,0.18,0.44
2017,380,0.0,0.01,0.04,0.1
2017,384,0.0,0.0,0.0,0.0
2017,388,0.01,0.06,0.01,0.17
2017,392,0.15,0.69,0.02,0.2
2017,398,0.0,0.0,0.0,0.0
2017,400,0.0,0.0,0.0,0.0
2017,404,0.0,0.01,0.0,0.0
2017,408,0.14,0.34,0.0,0.05
2017,410,2.28,10.48,0.04,0.7
2017,414,0.0,0.0,0.0,0.0
2017,417,0.0,0.0,0.0,0.0
2017,418,0.0,0.01,0.0,0.0
2017,422,0.02,0.14,0.0,0.09
2017,426,0.0,0.0,0.0,0.0
2017,428,0.23,0.23,0.03,0.01
2017,430,0.0,0.0,0.0,0.0
2017,434,0.0,0.0,0.0,0.0
2017,440,0.32,0.36,0.34,0.47
2017,442,0.01,0.03,0.0,0.0
2017,446,0.0,0.0,0.0,0.0
2017,450,8.78,0.78,22.23,17.99
2017,454,0.0,0.0,0.0,0.0
2017,458,0.68,0.24,0.03,0.04
2017,462,0.0,0.0,0.0,0.0
2017,466,0.0,0.0,0.0,0.0
2017,470,0.04,0.16,0.02,0.03
2017,478,0.0,0.0,0.0,0.0
2017,480,0.0,0.0,0.0,0.0
2017,484,0.01,0.02,0.05,0.06
2017,490,0.04,0.24,0.02,0.06
2017,496,0.0,0.0,0.0,0.0
2017,498,0.0,0.0,0.0,0.0
2017,499,0.0,0.0,0.0,0.0
2017,500,0.0,0.0,0.0,0.0
2017,504,0.66,1.1,3.08,9.65
2017,508,0.0,0.0,0.0,0.0
2017,512,0.0,0.0,0.0,0.0
2017,516,0.0,0.0,0.0,0.0
2017,520,0.0,0.0,0.0,0.0
2017,524,0.0,0.0,0.0,0.0
2017,528,0.07,0.23,0.04,0.2
2017,531,0.0,0.0,0.0,0.0
2017,533,0.0,0.0,0.0,0.0
2017,534,0.0,0.0,0.0,0.0
2017,535,0.0,0.0,0.0,0.0
2017,540,0.0,0.0,0.0,0.0
2017,548,0.0,0.0,0.0,0.0
2017,554,0.19,0.38,0.35,0.31
2017,558,0.0,0.0,0.0,0.0
2017,562,0.0,0.0,0.32,0.08
2017,566,0.03,0.0,0.0,0.0
2017,570,0.0,0.0,0.0,0.0
2017,574,0.0,0.0,0.0,0.0
2017,579,0.05,0.14,2.02,3.04
2017,580,0.0,0.0,0.0,0.0
2017,583,0.0,0.0,0.0,0.0
2017,584,0.0,0.0,0.0,0.0
2017,585,0.0,0.0,0.0,0.0
2017,586,0.0,0.0,0.01,0.02
2017,591,0.0,0.0,0.05,0.19
2017,598,1.18,0.18,0.0,0.0
2017,600,0.0,0.0,0.0,0.0
2017,604,0.04,0.07,36.12,33.9
2017,608,3.97,5.03,5.3,8.41
2017,612,0.0,0.0,0.0,0.0
2017,616,0.05,0.07,0.02,0.03
2017,620,0.1,0.62,1.36,3.49
2017,624,0.0,0.0,0.0,0.0
2017,626,99.69,26.59,0.0,0.0
2017,634,0.0,0.0,0.0,0.0
2017,642,0.01,0.01,0.0,0.01
2017,643,0.02,0.06,0.01,0.01
2017,646,0.0,0.0,0.0,0.01
2017,652,0.0,0.0,0.0,0.0
2017,654,0.0,0.0,0.0,0.0
2017,659,0.0,0.0,0.0,0.0
2017,660,0.0,0.0,0.0,0.0
2017,662,0.21,0.79,0.0,0.0
2017,666,0.0,0.0,0.0,0.0
2017,670,0.0,0.0,0.0,0.0
2017,674,0.0,0.0,0.24,0.68
2017,678,0.0,0.0,0.0,0.0
2017,682,0.0,0.0,0.0,0.0
2017,686,0.0,0.0,0.47,1.2
2017,688,0.0,0.0,0.0,0.01
2017,690,0.0,0.0,0.0,0.0
2017,694,0.01,0.07,0.0,0.0
2017,699,0.03,0.12,0.02,0.25
2017,702,0.03,0.13,0.0,0.03
2017,703,0.01,0.01,0.15,0.01
2017,704,0.05,0.08,0.2,0.17
2017,705,0.0,0.01,0.0,0.04
2017,706,0.0,0.0,0.0,0.0
2017,710,0.56,0.24,0.25,0.5
2017,716,0.0,0.0,0.0,0.0
2017,724,0.23,0.75,0.15,0.42
2017,728,0.0,0.0,0.0,0.0
2017,729,0.0,0.0,0.0,0.0
2017,740,0.0,0.0,0.0,0.0
2017,748,0.0,0.0,0.0,0.0
2017,752,0.04,0.2,0.03,0.13
2017,757,0.0,0.0,0.0,0.01
2017,760,0.03,0.02,0.0,0.0
2017,762,0.0,0.0,0.0,0.0
2017,764,0.09,0.29,0.01,0.21
2017,768,0.0,0.02,0.0,0.0
2017,772,0.0,0.0,0.0,0.03
2017,776,425.85,249.16,0.0,0.0
2017,780,0.01,0.01,0.01,0.04
2017,784,0.04,0.03,0.0,0.0
2017,788,0.0,0.06,0.21,0.59
2017,792,0.0,0.02,0.0,0.0
2017,795,0.0,0.0,0.05,0.08
2017,796,0.0,0.0,0.0,0.0
2017,798,0.0,0.0,0.0,0.0
2017,800,0.0,0.0,0.0,0.0
2017,804,0.0,0.01,0.02,0.08
2017,807,0.0,0.0,0.0,0.0
2017,818,0.02,0.06,0.0,0.0
2017,826,0.34,0.43,0.07,0.25
2017,834,4.2,0.79,83.34,47.83
2017,842,0.05,0.19,0.02,0.14
2017,854,0.04,0.64,0.0,0.01
2017,858,0.0,0.0,0.0,0.0
2017,860,0.0,0.0,0.0,0.0
2017,862,0.0,0.0,0.0,0.0
2017,876,0.0,0.0,0.0,0.0
2017,882,1.53,1.37,0.0,0.0
2017,887,0.0,0.0,0.0,0.0
2017,894,0.0,0.0,0.0,0.0
2021,4,0.0,0.0,0.0,0.0
2021,8,0.0,0.0,0.0,0.0
2021,12,0.0,0.0,0.0,0.0
2021,16,0.0,0.0,0.0,0.0
2021,20,0.0,0.0,0.0,0.0
2021,24,0.0,0.0,0.0,0.0
2021,28,0.0,0.01,0.0,0.0
2021,31,0.0,0.0,0.0,0.0
2021,32,0.04,0.08,0.05,0.1
2021,36,0.09,0.12,0.13,0.22
2021,40,0.03,0.12,0.0,0.05
2021,44,0.0,0.0,0.0,0.0
2021,48,0.01,0.01,0.0,0.0
2021,50,0.0,0.0,0.0,0.0
2021,51,0.0,0.0,0.01,0.4
2021,52,0.0,0.0,0.0,0.0
2021,56,0.02,0.08,0.15,0.24
2021,60,0.0,0.0,0.0,0.0
2021,64,0.0,0.0,0.0,0.0
2021,68,0.0,0.0,0.0,0.0
2021,70,0.0,0.0,0.0,0.0
2021,72,0.0,0.0,0.0,0.0
2021,76,0.06,0.07,3.04,0.86
2021,84,0.16,0.45,0.01,0.03
2021,86,0.0,0.0,0.0,0.0
2021,90,2.87,1.06,253.2,55.95
2021,92,0.0,0.0,0.0,0.0
2021,96,0.07,0.28,0.03,4.5
2021,100,0.05,0.18,0.01,0.1
2021,104,2.36,0.32,0.44,0.3
2021,108,0.0,0.0,0.0,0.0
2021,112,0.19,0.14,0.02,0.02
2021,116,0.0,0.0,0.0,0.0
2021,120,0.0,0.0,0.0,0.0
2021,124,0.12,0.4,1.38,2.11
2021,132,0.0,0.0,0.0,0.0
2021,136,0.0,0.0,0.0,0.0
2021,140,0.0,0.0,0.0,0.0
2021,144,0.27,0.1,0.73,0.36
2021,148,0.0,0.0,0.0,0.0
2021,152,3.4,2.88,55.79,69.32
2021,156,0.74,1.59,0.07,0.19
2021,162,0.0,0.0,0.0,0.0
2021,166,0.0,0.0,0.0,0.0
2021,170,0.0,0.0,0.01,0.0
2021,174,0.0,0.0,0.0,0.0
2021,178,0.0,0.0,0.0,0.0
2021,180,0.0,0.0,0.0,0.0
2021,184,0.0,0.0,0.0,0.0
2021,188,0.0,0.0,0.0,0.0
2021,191,0.0,0.01,0.0,0.0
2021,192,0.0,0.0,0.0,0.0
2021,196,0.09,0.12,0.06,1.45
2021,203,0.01,0.05,0.01,0.03
2021,204,0.05,0.0,0.0,0.0
2021,208,0.51,1.55,0.14,0.75
2021,212,0.0,0.0,0.0,0.0
2021,214,0.0,0.0,0.0,0.06
2021,218,0.08,0.66,0.0,0.0
2021,222,0.0,0.0,0.0,0.0
2021,226,0.0,0.0,0.0,0.0
2021,231,0.0,0.0,0.01,0.02
2021,232,0.0,0.0,0.0,0.0
2021,233,0.04,0.19,0.0,0.01
2021,238,0.0,0.0,0.0,0.0
2021,242,0.0,0.0,0.0,0.0
2021,246,0.0,0.02,0.0,0.01
2021,251,0.13,0.22,1.53,0.72
2021,258,0.0,0.0,0.04,1.76
2021,260,0.0,0.0,0.0,0.0
2021,262,0.0,0.0,0.0,0.0
2021,266,0.0,0.0,0.0,0.0
2021,268,0.0,0.01,0.0,0.0
2021,270,0.0,0.0,0.0,0.0
2021,275,0.0,0.0,0.0,0.0
2021,276,0.02,0.14,0.04,0.1
2021,288,0.0,0.0,0.0,0.0
2021,292,0.0,0.0,0.0,0.0
2021,296,0.0,0.0,0.0,0.0
2021,300,0.0,0.01,0.04,0.43
2021,304,0.09,0.07,0.0,0.0
2021,308,2.31,37.46,4.22,28.89
2021,316,0.0,0.0,0.0,0.0
2021,320,0.0,0.0,0.0,0.0
2021,324,0.0,0.0,0.0,0.0
2021,328,0.0,0.0,0.0,0.0
2021,332,0.0,0.0,0.0,0.0
2021,340,0.0,0.0,0.01,0.74
2021,344,0.05,0.11,0.02,0.13
2021,348,0.0,0.0,0.01,0.04
2021,352,10.02,12.72,68.64,96.96
2021,360,55.48,19.48,8.74,4.73
2021,364,0.0,0.0,0.13,0.11
2021,368,0.0,0.0,0.0,0.0
2021,372,0.39,0.32,11.27,8.3
2021,376,0.17,1.44,0.27,0.98
2021,380,0.01,0.06,0.11,0.19
2021,384,0.0,0.0,0.0,0.0
2021,388,0.26,1.62,0.03,0.48
2021,392,0.15,0.74,0.04,0.21
2021,398,0.02,0.06,0.0,0.0
2021,400,0.0,0.0,0.0,0.03
2021,404,0.44,0.05,2.41,0.69
2021,408,0.89,4.37,0.04,0.08
2021,410,2.94,9.47,0.03,0.25
2021,414,0.0,0.0,0.0,0.0
2021,417,0.0,0.0,0.0,0.0
2021,418,15.37,0.96,0.0,0.0
2021,422,0.51,0.16,0.02,0.11
2021,426,0.0,0.0,0.0,0.0
2021,428,0.32,0.37,0.12,0.18
2021,430,0.0,0.0,0.0,0.0
2021,434,0.0,0.0,0.0,0.0
2021,440,0.17,0.54,0.01,0.03
2021,442,0.04,0.22,0.0,0.01
2021,446,0.0,0.0,0.0,0.0
2021,450,16.78,2.82,54.48,56.81
2021,454,0.0,0.0,0.0,0.0
2021,458,0.23,0.23,0.06,0.23
2021,462,0.0,0.0,0.0,0.0
2021,466,0.0,0.0,0.0,0.0
2021,470,0.0,0.0,0.0,0.0
2021,478,0.0,0.0,0.0,0.0
2021,480,0.0,0.0,0.65,0.95
2021,484,0.0,0.01,0.07,0.16
2021,490,0.02,0.09,0.03,0.08
2021,496,0.0,0.0,0.0,0.0
2021,498,0.0,0.0,0.0,0.0
2021,499,0.0,0.0,0.0,0.0
2021,500,0.0,0.0,0.0,0.0
2021,504,0.07,0.08,3.31,8.36
2021,508,0.0,0.0,0.0,0.0
2021,512,0.0,0.0,0.0,0.0
2021,516,0.0,0.0,0.0,0.0
2021,520,0.0,0.0,0.0,0.0
2021,524,0.0,0.0,0.0,0.0
2021,528,0.07,0.31,0.08,0.44
2021,531,0.0,0.0,0.0,0.0
2021,533,0.0,0.0,0.0,0.0
2021,534,0.0,0.0,0.0,0.0
2021,535,0.0,0.0,0.01,0.1
2021,540,0.0,0.0,0.0,0.0
2021,548,0.0,0.0,0.0,0.0
2021,554,0.04,0.16,0.04,0.96
2021,558,0.0,0.0,0.0,0.0
2021,562,0.0,0.0,0.2,0.04
2021,566,0.0,0.0,0.0,0.02
2021,570,0.0,0.0,0.0,0.0
2021,574,0.0,0.0,0.0,0.0
2021,579,0.4,0.21,3.46,2.67
2021,580,0.0,0.0,0.0,0.0
2021,583,0.0,0.0,0.0,0.0
2021,584,0.0,0.0,0.0,0.0
2021,585,0.0,0.0,0.0,0.0
2021,586,0.0,0.0,0.0,0.0
2021,591,0.0,0.0,0.11,0.3
2021,598,0.0,0.0,0.0,0.0
2021,600,0.0,0.0,0.0,0.0
2021,604,0.05,0.05,59.62,42.54
2021,608,2.49,4.34,5.35,10.1
2021,612,0.0,0.0,0.0,0.0
2021,616,0.08,0.19,0.0,0.03
2021,620,0.09,0.44,1.03,1.93
2021,624,0.0,0.0,0.0,0.0
2021,626,25.22,4.63,10.58,10.04
2021,634,0.0,0.0,0.0,0.0
2021,642,0.0,0.02,0.0,0.02
2021,643,0.05,0.17,0.05,0.02
2021,646,0.0,0.0,0.0,0.0
2021,652,0.0,0.0,0.0,0.0
2021,654,0.0,0.0,0.0,0.0
2021,659,0.0,0.0,0.01,0.16
2021,660,0.0,0.0,0.0,0.0
2021,662,101.85,564.11,57.9,1029.76
2021,666,0.0,0.0,0.0,0.0
2021,670,0.63,3.07,0.12,0.81
2021,674,0.0,0.0,0.0,0.0
2021,678,0.0,0.0,0.0,0.0
2021,682,0.0,0.0,0.0,0.01
2021,686,0.0,0.01,0.0,0.01
2021,688,0.0,0.0,0.02,0.01
2021,690,0.0,0.0,0.0,0.0
2021,694,0.0,0.0,0.0,0.0
2021,699,0.03,0.3,0.02,0.17
2021,702,0.01,0.1,0.01,0.09
2021,703,0.0,0.01,0.22,0.02
2021,704,0.08,0.15,2.94,0.88
2021,705,0.02,0.08,0.03,0.33
2021,706,0.0,0.0,0.0,0.0
2021,710,0.76,0.29,1.98,2.8
2021,716,0.0,0.0,0.0,0.0
2021,724,0.23,0.6,0.55,0.38
2021,728,0.0,0.0,0.0,0.0
2021,729,0.0,0.0,0.0,0.0
2021,740,0.0,0.0,0.0,0.0
2021,748,0.0,0.0,0.0,0.0
2021,752,0.02,0.22,0.01,0.14
2021,757,0.0,0.0,0.0,0.0
2021,760,0.0,0.0,0.0,0.0
2021,762,0.0,0.0,0.0,0.0
2021,764,0.03,0.22,0.04,0.15
2021,768,0.0,0.0,0.0,0.0
2021,772,0.0,0.0,0.0,0.0
2021,776,629.35,293.14,0.03,0.19
2021,780,0.03,0.08,0.09,0.19
2021,784,0.01,0.03,0.07,0.06
2021,788,0.0,0.0,0.28,0.35
2021,792,0.01,0.02,0.0,0.0
2021,795,0.0,0.0,0.0,0.0
2021,796,0.06,0.59,0.0,0.0
2021,798,0.0,0.0,0.0,0.0
2021,800,0.0,0.0,0.01,0.01
2021,804,0.0,0.01,0.04,0.19
2021,807,0.0,0.0,0.0,0.0
2021,818,0.0,0.0,0.03,0.04
2021,826,0.15,0.48,0.24,0.6
2021,834,4.06,2.26,55.55,35.93
2021,842,0.08,0.27,0.04,0.34
2021,854,0.01,0.18,0.0,0.0
2021,858,0.0,0.0,0.0,0.0
2021,860,0.0,0.0,0.0,0.0
2021,862,9.62,2.59,2.48,2.02
2021,876,0.0,0.0,0.0,0.0
2021,882,0.0,0.0,0.0,0.0
2021,887,0.0,0.0,0.0,0.0
2021,894,0.0,0.0,0.0,0.0
2019,4,0.0,0.0,0.18,0.49
2019,8,0.0,0.0,0.0,0.0
2019,12,0.0,0.0,0.0,0.0
2019,16,0.0,0.0,0.0,0.0
2019,20,0.19,1.45,0.0,0.0
2019,24,0.0,0.0,0.0,0.0
2019,28,0.0,0.0,0.0,0.0
2019,31,0.0,0.0,0.0,0.0
2019,32,0.0,0.0,0.0,0.0
2019,36,0.23,0.14,0.28,0.32
2019,40,0.03,0.1,0.01,0.12
2019,44,0.0,0.0,0.36,4.79
2019,48,0.0,0.01,0.0,0.0
2019,50,0.0,0.0,0.0,0.0
2019,51,0.0,0.0,0.0,0.0
2019,52,0.0,0.0,0.06,0.04
2019,56,0.02,0.08,0.07,0.18
2019,60,0.0,0.0,0.0,0.0
2019,64,0.0,0.0,0.0,0.0
2019,68,0.0,0.0,0.0,0.0
2019,70,0.0,0.0,0.0,0.0
2019,72,0.0,0.0,0.0,0.0
2019,76,0.03,0.04,0.33,0.35
2019,84,0.0,0.0,0.07,0.08
2019,86,0.0,0.0,0.0,0.0
2019,90,0.0,0.0,0.0,0.0
2019,92,0.0,0.0,0.0,0.0
2019,96,0.03,0.14,0.0,0.0
2019,100,0.06,0.1,0.08,0.42
2019,104,1.89,0.5,0.03,0.11
2019,108,0.0,0.0,0.0,0.0
2019,112,0.03,0.05,0.01,0.02
2019,116,0.0,0.0,0.0,0.0
2019,120,0.0,0.0,0.0,0.0
2019,124,0.13,0.46,1.22,2.1
2019,132,0.0,0.0,0.0,0.0
2019,136,0.0,0.0,0.0,0.0
2019,140,0.0,0.0,0.0,0.0
2019,144,0.29,0.16,0.14,0.19
2019,148,0.0,0.0,0.0,0.0
2019,152,2.43,3.01,64.35,68.31
2019,156,0.85,1.57,0.11,0.2
2019,162,0.0,0.0,0.0,0.0
2019,166,0.0,0.0,0.0,0.0
2019,170,0.0,0.0,0.0,0.0
2019,174,0.0,0.0,0.0,0.0
2019,178,0.0,0.0,0.0,0.0
2019,180,0.0,0.0,0.0,0.0
2019,184,0.0,0.0,0.0,0.0
2019,188,0.0,0.0,0.0,0.0
2019,191,0.0,0.01,0.02,0.09
2019,192,0.0,0.0,0.0,0.0
2019,196,0.02,0.02,0.0,0.0
2019,203,0.02,0.03,0.0,0.01
2019,204,0.0,0.0,0.01,0.0
2019,208,0.32,0.89,0.1,0.94
2019,212,2.49,1.32,0.0,0.0
2019,214,0.0,0.01,0.0,0.0
2019,218,0.08,0.8,0.0,0.05
2019,222,0.0,0.0,0.0,0.0
2019,226,0.0,0.0,0.0,0.0
2019,231,0.0,0.0,0.02,0.04
2019,232,0.0,0.0,0.0,0.0
2019,233,0.01,0.04,0.05,0.2
2019,238,0.0,0.0,0.0,0.0
2019,242,0.0,0.0,0.0,0.0
2019,246,0.0,0.01,0.01,0.04
2019,251,0.06,0.13,1.1,0.75
2019,258,0.0,0.0,0.0,0.03
2019,260,0.0,0.0,0.0,0.0
2019,262,0.0,0.0,0.0,0.0
2019,266,0.0,0.0,0.0,0.0
2019,268,0.01,0.01,0.0,0.0
2019,270,0.0,0.0,0.0,0.0
2019,275,0.0,0.0,0.52,2.37
2019,276,0.03,0.11,0.03,0.06
2019,288,0.0,0.0,0.0,0.0
2019,292,0.0,0.0,0.0,0.0
2019,296,0.0,0.0,0.0,0.0
2019,300,0.01,0.01,0.02,0.3
2019,304,0.0,0.01,0.0,0.01
2019,308,0.17,6.6,0.12,4.3
2019,316,0.0,0.0,0.0,0.0
2019,320,0.0,0.0,0.0,0.0
2019,324,0.0,0.0,0.0,0.0
2019,328,0.0,0.0,0.0,0.0
2019,332,0.0,0.0,0.0,0.0
2019,340,0.0,0.0,0.0,0.97
2019,344,0.04,0.08,0.0,0.01
2019,348,0.0,0.01,0.02,0.07
2019,352,11.07,11.18,37.16,78.35
2019,360,58.3,22.17,9.3,8.86
2019,364,0.0,0.0,0.02,0.02
2019,368,0.0,0.0,0.0,0.0
2019,372,0.28,0.26,21.02,10.13
2019,376,0.15,1.17,3.79,3.95
2019,380,0.0,0.03,0.04,0.13
2019,384,0.0,0.0,0.0,0.0
2019,388,0.01,0.13,0.0,0.0
2019,392,0.12,0.65,0.02,0.23
2019,398,0.04,0.04,0.0,0.0
2019,400,0.0,0.0,0.01,0.0
2019,404,0.0,0.02,1.16,0.64
2019,408,0.02,0.08,0.0,0.01
2019,410,3.62,10.3,0.04,0.46
2019,414,0.0,0.0,0.0,0.0
2019,417,0.0,0.0,0.0,0.0
2019,418,0.0,0.0,0.0,0.0
2019,422,0.01,0.06,0.0,0.0
2019,426,0.0,0.0,0.0,0.0
2019,428,0.34,0.44,0.05,0.02
2019,430,0.0,0.0,0.01,0.22
2019,434,0.0,0.0,0.0,0.0
2019,440,0.14,0.14,0.01,0.07
2019,442,0.01,0.11,0.0,0.11
2019,446,0.0,0.0,0.0,0.0
2019,450,10.41,2.32,39.51,38.88
2019,454,0.0,0.0,0.0,0.0
2019,458,0.33,0.28,0.04,0.19
2019,462,0.0,0.0,0.0,0.0
2019,466,0.0,0.0,0.0,0.0
2019,470,0.63,3.01,0.0,0.0
2019,478,0.0,0.0,0.0,0.0
2019,480,0.0,0.0,0.0,0.0
2019,484,0.01,0.02,0.08,0.13
2019,490,0.03,0.16,0.04,0.12
2019,496,0.0,0.0,0.0,0.0
2019,498,0.05,0.19,0.0,0.0
2019,499,0.0,0.0,0.0,0.0
2019,500,0.0,0.0,0.0,0.0
2019,504,1.83,2.66,5.18,19.21
2019,508,0.0,0.0,0.0,0.0
2019,512,0.0,0.0,0.0,0.0
2019,516,0.0,0.0,0.0,0.0
2019,520,0.0,0.0,0.0,0.0
2019,524,0.0,0.0,0.0,0.0
2019,528,0.04,0.2,0.06,0.34
2019,531,0.0,0.0,0.0,0.0
2019,533,0.0,0.0,0.06,0.21
2019,534,0.0,0.0,0.0,0.0
2019,535,0.0,0.0,0.0,0.0
2019,540,0.0,0.0,0.0,0.0
2019,548,0.0,0.0,0.0,0.0
2019,554,0.09,0.3,0.64,1.04
2019,558,0.0,0.0,0.0,0.0
2019,562,0.0,0.0,0.02,0.01
2019,566,0.0,0.0,0.0,0.0
2019,570,0.0,0.0,0.0,0.0
2019,574,0.0,0.0,0.0,0.0
2019,579,0.1,0.1,4.81,3.91
2019,580,0.0,0.0,0.0,0.0
2019,583,0.0,0.0,0.0,0.0
2019,584,0.0,0.0,0.0,0.0
2019,585,0.0,0.0,0.0,0.0
2019,586,0.0,0.0,0.0,0.0
2019,591,0.02,0.01,0.0,0.0
2019,598,0.0,0.0,0.0,0.0
2019,600,0.0,0.0,0.0,0.0
2019,604,0.43,0.18,57.05,28.86
2019,608,10.22,8.51,7.01,12.86
2019,612,0.0,0.0,0.0,0.0
2019,616,0.05,0.07,0.0,0.02
2019,620,0.1,0.46,1.04,2.35
2019,624,0.0,0.0,0.0,0.0
2019,626,55.97,29.55,0.0,0.0
2019,634,0.0,0.0,0.0,0.0
2019,642,0.0,0.0,0.02,0.08
2019,643,0.02,0.08,0.04,0.02
2019,646,0.0,0.0,0.0,0.0
2019,652,0.0,0.0,0.0,0.0
2019,654,0.0,0.0,0.0,0.0
2019,659,0.0,0.0,0.0,0.0
2019,660,0.0,0.0,0.0,0.0
2019,662,51.31,27.71,1.65,31.28
2019,666,0.0,0.0,0.0,0.0
2019,670,0.09,0.17,0.0,0.0
2019,674,0.0,0.0,0.0,0.0
2019,678,0.0,0.0,0.0,0.0
2019,682,0.0,0.0,0.0,0.0
2019,686,0.25,0.64,0.28,0.67
2019,688,0.0,0.01,0.0,0.0
2019,690,0.0,0.0,0.0,0.0
2019,694,0.0,0.0,0.0,0.0
2019,699,0.04,0.28,0.02,0.21
2019,702,0.02,0.18,0.0,0.04
2019,703,0.04,0.11,0.24,0.09
2019,704,0.06,0.16,0.6,0.42
2019,705,0.0,0.01,0.02,0.2
2019,706,0.0,0.0,0.0,0.0
2019,710,0.29,0.13,0.45,1.01
2019,716,0.0,0.0,0.0,0.0
2019,724,0.31,0.66,0.48,0.71
2019,728,0.0,0.0,0.0,0.0
2019,729,0.0,0.0,0.0,0.0
2019,740,0.0,0.0,0.0,0.0
2019,748,0.0,0.0,0.0,0.0
2019,752,0.06,0.21,0.02,0.29
2019,757,0.0,0.0,0.0,0.07
2019,760,0.0,0.0,0.0,0.0
2019,762,0.0,0.0,0.0,0.0
2019,764,0.07,0.27,0.05,0.14
2019,768,0.0,0.0,0.0,0.0
2019,772,0.0,0.0,0.0,0.0
2019,776,397.24,208.58,0.0,0.0
2019,780,0.02,0.05,0.33,0.63
2019,784,0.01,0.03,0.1,0.07
2019,788,0.0,0.05,0.45,0.6
2019,792,0.0,0.0,0.0,0.01
2019,795,0.0,0.0,0.0,0.0
2019,796,0.0,0.0,0.0,0.0
2019,798,0.0,0.0,0.0,0.0
2019,800,0.0,0.0,0.0,0.0
2019,804,0.0,0.01,0.05,0.19
2019,807,0.0,0.0,0.0,0.0
2019,818,0.0,0.0,0.0,0.0
2019,826,0.37,0.39,0.08,0.5
2019,834,7.35,2.09,112.4,72.53
2019,842,0.05,0.18,0.03,0.3
2019,854,0.02,0.2,0.0,0.0
2019,858,0.0,0.0,0.09,0.07
2019,860,0.0,0.0,0.0,0.0
2019,862,1.09,0.56,0.0,0.0
2019,876,0.0,0.0,0.0,0.0
2019,882,0.0,0.0,0.0,0.0
2019,887,0.0,0.0,0.0,0.0
2019,894,0.0,0.0,0.0,0.0
